{
  "attention_0": 0.024746809686933244,
  "attention_1": 0.03355450857253302,
  "attention_2": 0.04446781249273391,
  "attention_3": 0.05272324879964193,
  "attention_4": 0.07425630660284133,
  "attention_5": 0.09585160300845191,
  "attention_6": 0.10027883166358584,
  "attention_7": 0.12613108044578916,
  "attention_8": 0.13033072153727213,
  "attention_9": 0.13836706252325148,
  "attention_10": 0.1499653316679455,
  "attention_11": 0.15608846573602586,
  "attention_12": 0.1668252490815662,
  "attention_13": 0.19299743289039248,
  "attention_14": 0.21573316483270555,
  "attention_15": 0.25008533114478704,
  "attention_16": 0.2807611737932478,
  "attention_17": 0.29693485441662015,
  "attention_18": 0.3229855128696987,
  "attention_19": 0.3499829428536551,
  "attention_20": 0.3824343000139509,
  "attention_21": 0.3979862758091518,
  "attention_22": 0.44934290931338355,
  "attention_23": 0.5047627403622582,
  "attention_24": 0.556824457077753,
  "attention_25": 0.6123204912458148,
  "attention_26": 0.7091385977608817,
  "attention_27": 0.7923965454101562,
  "mlp_0": 0.028173367182413738,
  "mlp_1": 0.03440512929643903,
  "mlp_2": 0.047152962003435404,
  "mlp_3": 0.05883604004269555,
  "mlp_4": 0.07728308723086402,
  "mlp_5": 0.09360138575236003,
  "mlp_6": 0.09779841559273857,
  "mlp_7": 0.11729521978469122,
  "mlp_8": 0.11951537359328497,
  "mlp_9": 0.1384358179001581,
  "mlp_10": 0.14277108510335287,
  "mlp_11": 0.1538222176688058,
  "mlp_12": 0.16940902528308688,
  "mlp_13": 0.19886348361060732,
  "mlp_14": 0.2291873296101888,
  "mlp_15": 0.2604990913754418,
  "mlp_16": 0.29472378322056364,
  "mlp_17": 0.3170248667399089,
  "mlp_18": 0.3383351280575707,
  "mlp_19": 0.37498555864606586,
  "mlp_20": 0.39758555094401044,
  "mlp_21": 0.43079367138090585,
  "mlp_22": 0.4785931905110677,
  "mlp_23": 0.5382461547851562,
  "mlp_24": 0.5975563412620908,
  "mlp_25": 0.6637131827218192,
  "mlp_26": 0.7567894345238095,
  "mlp_27": 1.6176143827892484
}