emotion,kind,layer,alpha,sigma,dose,s_base_final,s_final,ds_final,I_final,s_base_anchor,s_anchor,ds_anchor,I_anchor,n_samples
anger,attention,0,0.1,0.024746809686933244,0.0024746809686933247,-1.8873037955563936,-1.8872782776919368,2.5517864456814365e-05,0.010311577443571746,,,,,478
anger,attention,1,0.1,0.03355450857253302,0.003355450857253302,-1.8873037955563936,-1.8872867023034574,1.709325293619557e-05,0.0050941747214822055,,,,,478
anger,attention,2,0.1,0.04446781249273391,0.004446781249273391,-1.8873037955563936,-1.8872185088849966,8.528667139695578e-05,0.019179416889664118,,,,,478
anger,attention,3,0.1,0.05272324879964193,0.005272324879964194,-1.8873037955563936,-1.8872465088215333,5.728673486027347e-05,0.010865554791202952,,,,,478
anger,attention,4,0.1,0.07425630660284133,0.007425630660284133,-1.8873037955563936,-1.8869875276687256,0.0003162678876680314,0.04259138410419268,,,,,478
anger,attention,5,0.1,0.09585160300845191,0.009585160300845191,-1.8873037955563936,-1.8871789485777273,0.00012484697866632644,0.013025027724921595,,,,,478
anger,attention,6,0.1,0.10027883166358584,0.010027883166358584,-1.8873037955563936,-1.8872962904836843,7.5050727093017855e-06,0.0007484204377729199,,,,,478
anger,attention,7,0.1,0.12613108044578916,0.012613108044578917,-1.8873037955563936,-1.887008879879279,0.0002949156771145933,0.023381681665792704,,,,,478
anger,attention,8,0.1,0.13033072153727213,0.013033072153727213,-1.8873037955563936,-1.886825697379631,0.00047809817676269795,0.036683459672704324,,,,,478
anger,attention,9,0.1,0.13836706252325148,0.01383670625232515,-1.8873037955563936,-1.8859839335582744,0.0013198619981191761,0.09538845257319702,,,,,478
anger,attention,10,0.1,0.1499653316679455,0.014996533166794552,-1.8873037955563936,-1.8857873516102714,0.001516443946122159,0.1011196340684847,,,,,478
anger,attention,11,0.1,0.15608846573602586,0.015608846573602586,-1.8873037955563936,-1.885192251947385,0.0021115436090086703,0.13527864464884143,,,,,478
anger,attention,12,0.1,0.1668252490815662,0.01668252490815662,-1.8873037955563936,-1.8815124705745585,0.0057913249818351,0.34714918837037284,,,,,478
anger,attention,13,0.1,0.19299743289039248,0.01929974328903925,-1.8873037955563936,-1.8734751421038576,0.013828653452536033,0.7165200720773126,,,,,478
anger,attention,14,0.1,0.21573316483270555,0.021573316483270558,-1.8873037955563936,-1.8688060911567141,0.01849770439967946,0.8574344335987404,,,,,478
anger,attention,15,0.1,0.25008533114478704,0.025008533114478704,-1.8873037955563936,-1.8623917333189413,0.024912062237452348,0.9961424815847953,,,,,478
anger,attention,16,0.1,0.2807611737932478,0.028076117379324778,-1.8873037955563936,-1.8528103371107927,0.03449345844560092,1.2285693915427875,,,,,478
anger,attention,17,0.1,0.29693485441662015,0.029693485441662018,-1.8873037955563936,-1.8439090822718134,0.04339471328458022,1.461422013587345,,,,,478
anger,attention,18,0.1,0.3229855128696987,0.032298551286969866,-1.8873037955563936,-1.8341809812013574,0.053122814355036185,1.6447429447545348,,,,,478
anger,attention,19,0.1,0.3499829428536551,0.034998294285365515,-1.8873037955563936,-1.823760558901721,0.06354323665467265,1.8156095304691224,,,,,478
anger,attention,20,0.1,0.3824343000139509,0.038243430001395094,-1.8873037955563936,-1.8124697683184217,0.07483402723797195,1.9567812624349346,,,,,478
anger,attention,21,0.1,0.3979862758091518,0.03979862758091518,-1.8873037955563936,-1.8028101431650099,0.08449365239138373,2.1230292984248873,,,,,478
anger,attention,22,0.1,0.44934290931338355,0.044934290931338355,-1.8873037955563936,-1.7866589669216129,0.10064482863478075,2.2398223394371715,,,,,478
anger,attention,23,0.1,0.5047627403622582,0.05047627403622582,-1.8873037955563936,-1.7752294303171305,0.11207436523926306,2.2203375225126463,,,,,478
anger,attention,24,0.1,0.556824457077753,0.0556824457077753,-1.8873037955563936,-1.7678806469717285,0.11942314858466507,2.1447180896364477,,,,,478
anger,attention,25,0.1,0.6123204912458148,0.06123204912458148,-1.8873037955563936,-1.763869887054216,0.12343390850217761,2.0158382785956013,,,,,478
anger,attention,26,0.1,0.7091385977608817,0.07091385977608818,-1.8873037955563936,-1.7596356787691556,0.127668116787238,1.8003267230179325,,,,,478
anger,attention,27,0.1,0.7923965454101562,0.07923965454101563,-1.8873037955563936,-1.7628067121159083,0.12449708344048527,1.5711462166464105,,,,,478
anger,mlp,0,0.1,0.028173367182413738,0.002817336718241374,-1.8873037955563936,-1.8872730869129613,3.0708643432353355e-05,0.010899884005175702,,,,,478
anger,mlp,1,0.1,0.03440512929643903,0.0034405129296439033,-1.8873037955563936,-1.8872826739397508,2.1121616642805208e-05,0.006139089454022577,,,,,478
anger,mlp,2,0.1,0.047152962003435404,0.004715296200343541,-1.8873037955563936,-1.8873970584639945,-9.326290760092171e-05,-0.019778801508615062,,,,,478
anger,mlp,3,0.1,0.05883604004269555,0.005883604004269555,-1.8873037955563936,-1.8872221007194978,8.169483689579593e-05,0.013885169164429223,,,,,478
anger,mlp,4,0.1,0.07728308723086402,0.007728308723086403,-1.8873037955563936,-1.8869397170124693,0.0003640785439242844,0.04710973085698429,,,,,478
anger,mlp,5,0.1,0.09360138575236003,0.009360138575236003,-1.8873037955563936,-1.887141179277807,0.00016261627858660255,0.01737327682485752,,,,,478
anger,mlp,6,0.1,0.09779841559273857,0.009779841559273857,-1.8873037955563936,-1.8873642722308386,-6.047667444497584e-05,-0.006183809224151293,,,,,478
anger,mlp,7,0.1,0.11729521978469122,0.011729521978469123,-1.8873037955563936,-1.8869755847309424,0.00032821082545120284,0.02798160283544984,,,,,478
anger,mlp,8,0.1,0.11951537359328497,0.011951537359328497,-1.8873037955563936,-1.8867665930460187,0.0005372025103749234,0.044948402387381764,,,,,478
anger,mlp,9,0.1,0.1384358179001581,0.01384358179001581,-1.8873037955563936,-1.8857974271956348,0.0015063683607587919,0.10881348364952821,,,,,478
anger,mlp,10,0.1,0.14277108510335287,0.014277108510335288,-1.8873037955563936,-1.885312794485601,0.0019910010707926418,0.13945408269127768,,,,,478
anger,mlp,11,0.1,0.1538222176688058,0.015382221766880581,-1.8873037955563936,-1.8844630284601176,0.002840767096276009,0.1846785945052786,,,,,478
anger,mlp,12,0.1,0.16940902528308688,0.01694090252830869,-1.8873037955563936,-1.8784546934411117,0.008849102115281893,0.5223512797204761,,,,,478
anger,mlp,13,0.1,0.19886348361060732,0.019886348361060735,-1.8873037955563936,-1.8710086074770744,0.01629518807931918,0.8194158014060856,,,,,478
anger,mlp,14,0.1,0.2291873296101888,0.022918732961018883,-1.8873037955563936,-1.8655513321754822,0.021752463380911413,0.9491128247756493,,,,,478
anger,mlp,15,0.1,0.2604990913754418,0.02604990913754418,-1.8873037955563936,-1.856117716363035,0.031186079193358696,1.1971665247926742,,,,,478
anger,mlp,16,0.1,0.29472378322056364,0.029472378322056365,-1.8873037955563936,-1.8447436273534428,0.04256016820295083,1.4440696891807983,,,,,478
anger,mlp,17,0.1,0.3170248667399089,0.031702486673990886,-1.8873037955563936,-1.834985320070548,0.05231847548584567,1.6502956384417755,,,,,478
anger,mlp,18,0.1,0.3383351280575707,0.033833512805757075,-1.8873037955563936,-1.826126750106592,0.061177045449801515,1.8081789437894753,,,,,478
anger,mlp,19,0.1,0.37498555864606586,0.03749855586460659,-1.8873037955563936,-1.8133104433574436,0.07399335219894998,1.9732320483517445,,,,,478
anger,mlp,20,0.1,0.39758555094401044,0.039758555094401044,-1.8873037955563936,-1.8032818963462838,0.08402189921010983,2.1133036402004994,,,,,478
anger,mlp,21,0.1,0.43079367138090585,0.04307936713809059,-1.8873037955563936,-1.789881969314988,0.0974218262414055,2.2614498009945354,,,,,478
anger,mlp,22,0.1,0.4785931905110677,0.04785931905110677,-1.8873037955563936,-1.7799728209752916,0.10733097458110197,2.242634803610309,,,,,478
anger,mlp,23,0.1,0.5382461547851562,0.05382461547851563,-1.8873037955563936,-1.7708938890234196,0.116409906532974,2.162763365758546,,,,,478
anger,mlp,24,0.1,0.5975563412620908,0.05975563412620908,-1.8873037955563936,-1.7666425143200981,0.12066128123629549,2.0192452644958703,,,,,478
anger,mlp,25,0.1,0.6637131827218192,0.06637131827218193,-1.8873037955563936,-1.7653330560134544,0.12197073954293924,1.8377025305230466,,,,,478
anger,mlp,26,0.1,0.7567894345238095,0.07567894345238096,-1.8873037955563936,-1.765640467685885,0.1216633278705086,1.6076245560571565,,,,,478
anger,mlp,27,0.1,1.6176143827892484,0.16176143827892486,-1.8873037955563936,-1.6843745970638726,0.202929198492521,1.2544967493588346,,,,,478
sadness,attention,0,0.1,0.024746809686933244,0.0024746809686933247,0.0754533110174743,0.0757005839477795,0.0002472729303052007,0.09992113465670897,,,,,477
sadness,attention,1,0.1,0.03355450857253302,0.003355450857253302,0.0754533110174743,0.07526549609452174,-0.00018781492295255608,-0.05597308109775067,,,,,477
sadness,attention,2,0.1,0.04446781249273391,0.004446781249273391,0.0754533110174743,0.07540201178636691,-5.129923110738788e-05,-0.011536261451082224,,,,,477
sadness,attention,3,0.1,0.05272324879964193,0.005272324879964194,0.0754533110174743,0.07553543403463543,8.212301716113701e-05,0.015576243693407365,,,,,477
sadness,attention,4,0.1,0.07425630660284133,0.007425630660284133,0.0754533110174743,0.0757118391040986,0.00025852808662429894,0.0348156403747674,,,,,477
sadness,attention,5,0.1,0.09585160300845191,0.009585160300845191,0.0754533110174743,0.07545445175290857,1.140735434279616e-06,0.0001190105745210155,,,,,477
sadness,attention,6,0.1,0.10027883166358584,0.010027883166358584,0.0754533110174743,0.07531117649448243,-0.00014213452299186025,-0.014173930891884675,,,,,477
sadness,attention,7,0.1,0.12613108044578916,0.012613108044578917,0.0754533110174743,0.0761620185535159,0.0007087075360416029,0.05618817610511183,,,,,477
sadness,attention,8,0.1,0.13033072153727213,0.013033072153727213,0.0754533110174743,0.0761997498556253,0.000746438838151009,0.05727266981619077,,,,,477
sadness,attention,9,0.1,0.13836706252325148,0.01383670625232515,0.0754533110174743,0.07690151519995315,0.00144820418247886,0.10466393924027263,,,,,477
sadness,attention,10,0.1,0.1499653316679455,0.014996533166794552,0.0754533110174743,0.07779342036077311,0.002340109343298813,0.15604335463881094,,,,,477
sadness,attention,11,0.1,0.15608846573602586,0.015608846573602586,0.0754533110174743,0.07934023892854494,0.003886927911070648,0.24902082884485222,,,,,477
sadness,attention,12,0.1,0.1668252490815662,0.01668252490815662,0.0754533110174743,0.08416142359969501,0.00870811258222072,0.5219900842445645,,,,,477
sadness,attention,13,0.1,0.19299743289039248,0.01929974328903925,0.0754533110174743,0.09410384747217286,0.018650536454698566,0.9663618927662431,,,,,477
sadness,attention,14,0.1,0.21573316483270555,0.021573316483270558,0.0754533110174743,0.1017500736928336,0.02629676267535931,1.2189485420914137,,,,,477
sadness,attention,15,0.1,0.25008533114478704,0.025008533114478704,0.0754533110174743,0.11641720493384627,0.04096389391637198,1.637996668131483,,,,,477
sadness,attention,16,0.1,0.2807611737932478,0.028076117379324778,0.0754533110174743,0.12332988997425423,0.047876578956779936,1.7052421568815708,,,,,477
sadness,attention,17,0.1,0.29693485441662015,0.029693485441662018,0.0754533110174743,0.1322789187201414,0.05682560770266709,1.913739894708919,,,,,477
sadness,attention,18,0.1,0.3229855128696987,0.032298551286969866,0.0754533110174743,0.1412591628683438,0.06580585185086951,2.037424256778273,,,,,477
sadness,attention,19,0.1,0.3499829428536551,0.034998294285365515,0.0754533110174743,0.1478000301984871,0.07234671918101279,2.0671498613938013,,,,,477
sadness,attention,20,0.1,0.3824343000139509,0.038243430001395094,0.0754533110174743,0.16094791514318693,0.08549460412571264,2.2355370353180626,,,,,477
sadness,attention,21,0.1,0.3979862758091518,0.03979862758091518,0.0754533110174743,0.1659937346631376,0.09054042364566331,2.2749634635411544,,,,,477
sadness,attention,22,0.1,0.44934290931338355,0.044934290931338355,0.0754533110174743,0.17692952960792077,0.10147621859044648,2.2583246889442803,,,,,477
sadness,attention,23,0.1,0.5047627403622582,0.05047627403622582,0.0754533110174743,0.18831907834396922,0.11286576732649492,2.236016217153695,,,,,477
sadness,attention,24,0.1,0.556824457077753,0.0556824457077753,0.0754533110174743,0.19412936835668873,0.11867605733921444,2.131301091946163,,,,,477
sadness,attention,25,0.1,0.6123204912458148,0.06123204912458148,0.0754533110174743,0.19824273618762098,0.12278942517014668,2.005313017049647,,,,,477
sadness,attention,26,0.1,0.7091385977608817,0.07091385977608818,0.0754533110174743,0.20081191061677672,0.12535859959930243,1.7677587991279071,,,,,477
sadness,attention,27,0.1,0.7923965454101562,0.07923965454101563,0.0754533110174743,0.20157296102751726,0.12611965001004297,1.5916229158313853,,,,,477
sadness,mlp,0,0.1,0.028173367182413738,0.002817336718241374,0.0754533110174743,0.07571292804472102,0.0002596170272467224,0.09214980430481857,,,,,477
sadness,mlp,1,0.1,0.03440512929643903,0.0034405129296439033,0.0754533110174743,0.07528178834315366,-0.0001715226743206344,-0.049853808960510775,,,,,477
sadness,mlp,2,0.1,0.047152962003435404,0.004715296200343541,0.0754533110174743,0.07540036859752247,-5.294241995182358e-05,-0.011227803663313107,,,,,477
sadness,mlp,3,0.1,0.05883604004269555,0.005883604004269555,0.0754533110174743,0.07556068772289988,0.0001073767054255853,0.018250158465400672,,,,,477
sadness,mlp,4,0.1,0.07728308723086402,0.007728308723086403,0.0754533110174743,0.07575595035243084,0.00030263933495654205,0.03915984024453917,,,,,477
sadness,mlp,5,0.1,0.09360138575236003,0.009360138575236003,0.0754533110174743,0.07547222299645782,1.8911978983529587e-05,0.0020204806618531017,,,,,477
sadness,mlp,6,0.1,0.09779841559273857,0.009779841559273857,0.0754533110174743,0.07511901524331835,-0.000334295774155946,-0.03418212576654127,,,,,477
sadness,mlp,7,0.1,0.11729521978469122,0.011729521978469123,0.0754533110174743,0.07623013841531062,0.0007768273978363271,0.06622839355792014,,,,,477
sadness,mlp,8,0.1,0.11951537359328497,0.011951537359328497,0.0754533110174743,0.07618888906462887,0.0007355780471545725,0.061546730352680025,,,,,477
sadness,mlp,9,0.1,0.1384358179001581,0.01384358179001581,0.0754533110174743,0.07747383300113478,0.0020205219836604837,0.14595370001120037,,,,,477
sadness,mlp,10,0.1,0.14277108510335287,0.014277108510335288,0.0754533110174743,0.07872939478426359,0.003276083766789298,0.2294640938266821,,,,,477
sadness,mlp,11,0.1,0.1538222176688058,0.015382221766880581,0.0754533110174743,0.07930100089099172,0.0038476898735174264,0.2501387596557655,,,,,477
sadness,mlp,12,0.1,0.16940902528308688,0.01694090252830869,0.0754533110174743,0.08756640284816174,0.012113091830687442,0.7150204548102529,,,,,477
sadness,mlp,13,0.1,0.19886348361060732,0.019886348361060735,0.0754533110174743,0.09614040522955249,0.02068709421207819,1.040266108009321,,,,,477
sadness,mlp,14,0.1,0.2291873296101888,0.022918732961018883,0.0754533110174743,0.1087291757390684,0.033275864721594106,1.4519068212972792,,,,,477
sadness,mlp,15,0.1,0.2604990913754418,0.02604990913754418,0.0754533110174743,0.11933728446500606,0.04388397344753177,1.6846113825512126,,,,,477
sadness,mlp,16,0.1,0.29472378322056364,0.029472378322056365,0.0754533110174743,0.13172560299217576,0.05627229197470146,1.9093230739573106,,,,,477
sadness,mlp,17,0.1,0.3170248667399089,0.031702486673990886,0.0754533110174743,0.1402162900135952,0.0647629789961209,2.042835934673013,,,,,477
sadness,mlp,18,0.1,0.3383351280575707,0.033833512805757075,0.0754533110174743,0.14567411058353927,0.07022079956606497,2.0754806031880992,,,,,477
sadness,mlp,19,0.1,0.37498555864606586,0.03749855586460659,0.0754533110174743,0.1598638146803314,0.0844105036628571,2.2510334522649935,,,,,477
sadness,mlp,20,0.1,0.39758555094401044,0.039758555094401044,0.0754533110174743,0.16544652091382184,0.08999320989634754,2.2634929685616454,,,,,477
sadness,mlp,21,0.1,0.43079367138090585,0.04307936713809059,0.0754533110174743,0.17326281543047922,0.09780950441300493,2.2704489622486164,,,,,477
sadness,mlp,22,0.1,0.4785931905110677,0.04785931905110677,0.0754533110174743,0.182963083937483,0.10750977292000871,2.2463707184217134,,,,,477
sadness,mlp,23,0.1,0.5382461547851562,0.05382461547851563,0.0754533110174743,0.19058012699930924,0.11512681598183494,2.1389250059350333,,,,,477
sadness,mlp,24,0.1,0.5975563412620908,0.05975563412620908,0.0754533110174743,0.19536737800894044,0.11991406699146615,2.00674076586983,,,,,477
sadness,mlp,25,0.1,0.6637131827218192,0.06637131827218193,0.0754533110174743,0.19508508891179627,0.11963177789432197,1.8024619822032824,,,,,477
sadness,mlp,26,0.1,0.7567894345238095,0.07567894345238096,0.0754533110174743,0.19915469256337084,0.12370138154589655,1.6345548167401738,,,,,477
sadness,mlp,27,0.1,1.6176143827892484,0.16176143827892486,0.0754533110174743,0.29599743631650816,0.22054412529903386,1.3633912238017454,,,,,477
happiness,attention,0,0.1,0.024746809686933244,0.0024746809686933247,12.937103776475217,12.936573901835908,-0.0005298746393087583,-0.2141183635434597,,,,,470
happiness,attention,1,0.1,0.03355450857253302,0.003355450857253302,12.937103776475217,12.936865936187987,-0.00023784028723028428,-0.07088176741320988,,,,,470
happiness,attention,2,0.1,0.04446781249273391,0.004446781249273391,12.937103776475217,12.937408924863693,0.0003051483884757289,0.06862230709585511,,,,,470
happiness,attention,3,0.1,0.05272324879964193,0.005272324879964194,12.937103776475217,12.937019704504216,-8.407197100090968e-05,-0.015945901080640663,,,,,470
happiness,attention,4,0.1,0.07425630660284133,0.007425630660284133,12.937103776475217,12.938746078217283,0.0016423017420663655,0.221166634485363,,,,,470
happiness,attention,5,0.1,0.09585160300845191,0.009585160300845191,12.937103776475217,12.9390687853732,0.0019650088979830116,0.20500532451290804,,,,,470
happiness,attention,6,0.1,0.10027883166358584,0.010027883166358584,12.937103776475217,12.939971996621882,0.0028682201466647683,0.2860244878288009,,,,,470
happiness,attention,7,0.1,0.12613108044578916,0.012613108044578917,12.937103776475217,12.94177205841592,0.004668281940702457,0.37011352984555407,,,,,470
happiness,attention,8,0.1,0.13033072153727213,0.013033072153727213,12.937103776475217,12.943695884308916,0.00659210783369879,0.5057984607116267,,,,,470
happiness,attention,9,0.1,0.13836706252325148,0.01383670625232515,12.937103776475217,12.947042403576221,0.009938627101004016,0.7182798362387659,,,,,470
happiness,attention,10,0.1,0.1499653316679455,0.014996533166794552,12.937103776475217,12.950701142118332,0.013597365643114756,0.9067006015245014,,,,,470
happiness,attention,11,0.1,0.15608846573602586,0.015608846573602586,12.937103776475217,12.956021000983867,0.018917224508649966,1.2119553113323858,,,,,470
happiness,attention,12,0.1,0.1668252490815662,0.01668252490815662,12.937103776475217,12.966447006895187,0.029343230419970112,1.7589202222993996,,,,,470
happiness,attention,13,0.1,0.19299743289039248,0.01929974328903925,12.937103776475217,12.974078994355303,0.03697521788008551,1.9158398806830013,,,,,470
happiness,attention,14,0.1,0.21573316483270555,0.021573316483270558,12.937103776475217,12.976083013098291,0.03897923662307434,1.8068263474140167,,,,,470
happiness,attention,15,0.1,0.25008533114478704,0.025008533114478704,12.937103776475217,12.981341480194255,0.04423770371903757,1.7689043782190539,,,,,470
happiness,attention,16,0.1,0.2807611737932478,0.028076117379324778,12.937103776475217,12.991845183423225,0.054741406948007665,1.9497498962701723,,,,,470
happiness,attention,17,0.1,0.29693485441662015,0.029693485441662018,12.937103776475217,12.998644817382731,0.06154104090751389,2.072543522329903,,,,,470
happiness,attention,18,0.1,0.3229855128696987,0.032298551286969866,12.937103776475217,13.006738261719967,0.06963448524474991,2.155963115065238,,,,,470
happiness,attention,19,0.1,0.3499829428536551,0.034998294285365515,12.937103776475217,13.012926910025008,0.07582313354979142,2.166480827081243,,,,,470
happiness,attention,20,0.1,0.3824343000139509,0.038243430001395094,12.937103776475217,13.020745828811158,0.08364205233594113,2.187095988327666,,,,,470
happiness,attention,21,0.1,0.3979862758091518,0.03979862758091518,12.937103776475217,13.02643970276447,0.08933592628925346,2.244698667249851,,,,,470
happiness,attention,22,0.1,0.44934290931338355,0.044934290931338355,12.937103776475217,13.03811657301923,0.10101279654401374,2.2480113617096107,,,,,470
happiness,attention,23,0.1,0.5047627403622582,0.05047627403622582,12.937103776475217,13.048148272392597,0.11104449591737975,2.199934484817269,,,,,470
happiness,attention,24,0.1,0.556824457077753,0.0556824457077753,12.937103776475217,13.05184642177947,0.11474264530425238,2.0606610188501495,,,,,470
happiness,attention,25,0.1,0.6123204912458148,0.06123204912458148,12.937103776475217,13.055939561762708,0.11883578528749084,1.9407448711329254,,,,,470
happiness,attention,26,0.1,0.7091385977608817,0.07091385977608818,12.937103776475217,13.061029768497386,0.12392599202216914,1.747556717593257,,,,,470
happiness,attention,27,0.1,0.7923965454101562,0.07923965454101563,12.937103776475217,13.062839918948235,0.12573614247301812,1.5867830722045262,,,,,470
happiness,mlp,0,0.1,0.028173367182413738,0.002817336718241374,12.937103776475217,12.936541807651519,-0.000561968823697967,-0.19946810761361772,,,,,470
happiness,mlp,1,0.1,0.03440512929643903,0.0034405129296439033,12.937103776475217,12.937322588169827,0.00021881169461046568,0.06359856773830318,,,,,470
happiness,mlp,2,0.1,0.047152962003435404,0.004715296200343541,12.937103776475217,12.936759459211471,-0.0003443172637460634,-0.07302134354167986,,,,,470
happiness,mlp,3,0.1,0.05883604004269555,0.005883604004269555,12.937103776475217,12.936912446326398,-0.00019133014881944632,-0.03251920909031331,,,,,470
happiness,mlp,4,0.1,0.07728308723086402,0.007728308723086403,12.937103776475217,12.938829578744604,0.0017258022693873443,0.2233091781429407,,,,,470
happiness,mlp,5,0.1,0.09360138575236003,0.009360138575236003,12.937103776475217,12.93907351290926,0.001969736434043412,0.210438811157638,,,,,470
happiness,mlp,6,0.1,0.09779841559273857,0.009779841559273857,12.937103776475217,12.940255564070762,0.00315178759554513,0.3222738912939145,,,,,470
happiness,mlp,7,0.1,0.11729521978469122,0.011729521978469123,12.937103776475217,12.942092958663372,0.004989182188154473,0.42535255889478585,,,,,470
happiness,mlp,8,0.1,0.11951537359328497,0.011951537359328497,12.937103776475217,12.944994029085686,0.007890252610469162,0.6601872523379267,,,,,470
happiness,mlp,9,0.1,0.1384358179001581,0.01384358179001581,12.937103776475217,12.947694337621648,0.010590561146431199,0.7650159696437279,,,,,470
happiness,mlp,10,0.1,0.14277108510335287,0.014277108510335288,12.937103776475217,12.952493215114512,0.01538943863929454,1.0779100423698558,,,,,470
happiness,mlp,11,0.1,0.1538222176688058,0.015382221766880581,12.937103776475217,12.955397287074556,0.018293510599338703,1.189263220656876,,,,,470
happiness,mlp,12,0.1,0.16940902528308688,0.01694090252830869,12.937103776475217,12.963891714177233,0.02678793770201615,1.5812580030640522,,,,,470
happiness,mlp,13,0.1,0.19886348361060732,0.019886348361060735,12.937103776475217,12.972067507023507,0.03496373054828972,1.7581775152220434,,,,,470
happiness,mlp,14,0.1,0.2291873296101888,0.022918732961018883,12.937103776475217,12.975660716472788,0.03855693999757115,1.6823329659257502,,,,,470
happiness,mlp,15,0.1,0.2604990913754418,0.02604990913754418,12.937103776475217,12.984720469028392,0.047616692553175355,1.8279024430280355,,,,,470
happiness,mlp,16,0.1,0.29472378322056364,0.029472378322056365,12.937103776475217,12.996588608305505,0.05948483183028763,2.01832479144619,,,,,470
happiness,mlp,17,0.1,0.3170248667399089,0.031702486673990886,12.937103776475217,13.005506911937227,0.0684031354620096,2.157658361800634,,,,,470
happiness,mlp,18,0.1,0.3383351280575707,0.033833512805757075,12.937103776475217,13.010512546529162,0.07340877005394475,2.1697058320664118,,,,,470
happiness,mlp,19,0.1,0.37498555864606586,0.03749855586460659,12.937103776475217,13.01962423806495,0.08252046158973236,2.2006303892790755,,,,,470
happiness,mlp,20,0.1,0.39758555094401044,0.039758555094401044,12.937103776475217,13.026036968890656,0.08893319241543907,2.236831600250055,,,,,470
happiness,mlp,21,0.1,0.43079367138090585,0.04307936713809059,12.937103776475217,13.034512095248445,0.09740831877322798,2.261136252558826,,,,,470
happiness,mlp,22,0.1,0.4785931905110677,0.04785931905110677,12.937103776475217,13.043510944285291,0.1064071678100742,2.2233322562831885,,,,,470
happiness,mlp,23,0.1,0.5382461547851562,0.05382461547851563,12.937103776475217,13.048482835039179,0.11137905856396202,2.0692959452431117,,,,,470
happiness,mlp,24,0.1,0.5975563412620908,0.05975563412620908,12.937103776475217,13.053148195591378,0.11604441911616092,1.9419828910369363,,,,,470
happiness,mlp,25,0.1,0.6637131827218192,0.06637131827218193,12.937103776475217,13.054369611435748,0.11726583496053067,1.7668149136293418,,,,,470
happiness,mlp,26,0.1,0.7567894345238095,0.07567894345238096,12.937103776475217,13.059688937917668,0.12258516144245135,1.6198054022726271,,,,,470
happiness,mlp,27,0.1,1.6176143827892484,0.16176143827892486,12.937103776475217,13.152748167261164,0.21564439078594688,1.333101344055261,,,,,470
fear,attention,0,0.1,0.024746809686933244,0.0024746809686933247,-8.210535826534032,-8.210538494090239,-2.667556206148447e-06,-0.0010779394353838522,,,,,480
fear,attention,1,0.1,0.03355450857253302,0.003355450857253302,-8.210535826534032,-8.21059794301788,-6.211648384812918e-05,-0.018512112526951553,,,,,480
fear,attention,2,0.1,0.04446781249273391,0.004446781249273391,-8.210535826534032,-8.210294830054044,0.00024099647998809814,0.054195712916500494,,,,,480
fear,attention,3,0.1,0.05272324879964193,0.005272324879964194,-8.210535826534032,-8.21031947930654,0.00021634722749297453,0.041034502315123615,,,,,480
fear,attention,4,0.1,0.07425630660284133,0.007425630660284133,-8.210535826534032,-8.210056549559036,0.00047927697499616784,0.06454360537476946,,,,,480
fear,attention,5,0.1,0.09585160300845191,0.009585160300845191,-8.210535826534032,-8.210817297796408,-0.0002814712623759874,-0.02936531612842908,,,,,480
fear,attention,6,0.1,0.10027883166358584,0.010027883166358584,-8.210535826534032,-8.209356248378754,0.0011795781552788043,0.11762982632626177,,,,,480
fear,attention,7,0.1,0.12613108044578916,0.012613108044578917,-8.210535826534032,-8.20876133441925,0.001774492114781978,0.14068634855979456,,,,,480
fear,attention,8,0.1,0.13033072153727213,0.013033072153727213,-8.210535826534032,-8.2087501719594,0.0017856545746326447,0.13700949043867458,,,,,480
fear,attention,9,0.1,0.13836706252325148,0.01383670625232515,-8.210535826534032,-8.20621670410037,0.004319122433662059,0.3121496080713764,,,,,480
fear,attention,10,0.1,0.1499653316679455,0.014996533166794552,-8.210535826534032,-8.204519597192606,0.006016229341426538,0.4011746764744083,,,,,480
fear,attention,11,0.1,0.15608846573602586,0.015608846573602586,-8.210535826534032,-8.204561857382457,0.005973969151575886,0.38272969904637033,,,,,480
fear,attention,12,0.1,0.1668252490815662,0.01668252490815662,-8.210535826534032,-8.201309971263012,0.009225855271020933,0.5530251159109685,,,,,480
fear,attention,13,0.1,0.19299743289039248,0.01929974328903925,-8.210535826534032,-8.197717241942883,0.012818584591149929,0.6641842017883153,,,,,480
fear,attention,14,0.1,0.21573316483270555,0.021573316483270558,-8.210535826534032,-8.190591143568357,0.019944682965675753,0.9245070400344908,,,,,480
fear,attention,15,0.1,0.25008533114478704,0.025008533114478704,-8.210535826534032,-8.178370036929845,0.03216578960418737,1.2861925750281198,,,,,480
fear,attention,16,0.1,0.2807611737932478,0.028076117379324778,-8.210535826534032,-8.17186223268509,0.038673593848942645,1.3774551988951946,,,,,480
fear,attention,17,0.1,0.29693485441662015,0.029693485441662018,-8.210535826534032,-8.163553519546985,0.046982306987047195,1.5822429158527735,,,,,480
fear,attention,18,0.1,0.3229855128696987,0.032298551286969866,-8.210535826534032,-8.153846595684687,0.05668923084934541,1.755163268645285,,,,,480
fear,attention,19,0.1,0.3499829428536551,0.034998294285365515,-8.210535826534032,-8.141097548852365,0.06943827768166777,1.9840474828712804,,,,,480
fear,attention,20,0.1,0.3824343000139509,0.038243430001395094,-8.210535826534032,-8.130922748645146,0.07961307788888661,2.0817452275065906,,,,,480
fear,attention,21,0.1,0.3979862758091518,0.03979862758091518,-8.210535826534032,-8.121627251058817,0.08890857547521591,2.233960839339361,,,,,480
fear,attention,22,0.1,0.44934290931338355,0.044934290931338355,-8.210535826534032,-8.106077371289333,0.10445845524469988,2.3246935264721804,,,,,480
fear,attention,23,0.1,0.5047627403622582,0.05047627403622582,-8.210535826534032,-8.09471572463711,0.11582010189692227,2.2945453900539583,,,,,480
fear,attention,24,0.1,0.556824457077753,0.0556824457077753,-8.210535826534032,-8.084721722453832,0.12581410408020055,2.2594931397316893,,,,,480
fear,attention,25,0.1,0.6123204912458148,0.06123204912458148,-8.210535826534032,-8.08140737488866,0.12912845164537323,2.1088376673896887,,,,,480
fear,attention,26,0.1,0.7091385977608817,0.07091385977608818,-8.210535826534032,-8.07510597333312,0.13542985320091283,1.9097797472671083,,,,,480
fear,attention,27,0.1,0.7923965454101562,0.07923965454101563,-8.210535826534032,-8.075794104735056,0.13474172179897614,1.7004329786575711,,,,,480
fear,mlp,0,0.1,0.028173367182413738,0.002817336718241374,-8.210535826534032,-8.210546664893627,-1.0838359594700364e-05,-0.0038470231564886707,,,,,480
fear,mlp,1,0.1,0.03440512929643903,0.0034405129296439033,-8.210535826534032,-8.210586704313755,-5.0877779722569016e-05,-0.014787847266667566,,,,,480
fear,mlp,2,0.1,0.047152962003435404,0.004715296200343541,-8.210535826534032,-8.210303068657716,0.00023275787631682476,0.0493623022663702,,,,,480
fear,mlp,3,0.1,0.05883604004269555,0.005883604004269555,-8.210535826534032,-8.210375572741032,0.0001602537930001091,0.02723735195023624,,,,,480
fear,mlp,4,0.1,0.07728308723086402,0.007728308723086403,-8.210535826534032,-8.210188612590233,0.00034721394379921833,0.0449275457593979,,,,,480
fear,mlp,5,0.1,0.09360138575236003,0.009360138575236003,-8.210535826534032,-8.210299367209275,0.00023645932475702125,0.025262374360847457,,,,,480
fear,mlp,6,0.1,0.09779841559273857,0.009779841559273857,-8.210535826534032,-8.20943003843228,0.0011057881017517701,0.11306809983063505,,,,,480
fear,mlp,7,0.1,0.11729521978469122,0.011729521978469123,-8.210535826534032,-8.208711544921,0.0018242816130324968,0.15552906728690002,,,,,480
fear,mlp,8,0.1,0.11951537359328497,0.011951537359328497,-8.210535826534032,-8.208514597763617,0.0020212287704151066,0.16911872587148657,,,,,480
fear,mlp,9,0.1,0.1384358179001581,0.01384358179001581,-8.210535826534032,-8.20600822965304,0.004527596880992135,0.3270538614693997,,,,,480
fear,mlp,10,0.1,0.14277108510335287,0.014277108510335288,-8.210535826534032,-8.204295894503593,0.006239932030439377,0.43705852805715184,,,,,480
fear,mlp,11,0.1,0.1538222176688058,0.015382221766880581,-8.210535826534032,-8.20430781642596,0.0062280101080727235,0.4048836509094047,,,,,480
fear,mlp,12,0.1,0.16940902528308688,0.01694090252830869,-8.210535826534032,-8.200875417888165,0.00966040864586759,0.5702416757150215,,,,,480
fear,mlp,13,0.1,0.19886348361060732,0.019886348361060735,-8.210535826534032,-8.19523661583662,0.015299210697412136,0.7693323288738807,,,,,480
fear,mlp,14,0.1,0.2291873296101888,0.022918732961018883,-8.210535826534032,-8.18426785270373,0.026267973830302438,1.1461355160854696,,,,,480
fear,mlp,15,0.1,0.2604990913754418,0.02604990913754418,-8.210535826534032,-8.175532121459643,0.03500370507438966,1.3437169738124308,,,,,480
fear,mlp,16,0.1,0.29472378322056364,0.029472378322056365,-8.210535826534032,-8.164515708883604,0.04602011765042846,1.5614660326203873,,,,,480
fear,mlp,17,0.1,0.3170248667399089,0.031702486673990886,-8.210535826534032,-8.154798753807942,0.05573707272609063,1.758129363770635,,,,,480
fear,mlp,18,0.1,0.3383351280575707,0.033833512805757075,-8.210535826534032,-8.143754108498493,0.06678171803553923,1.9738334124198809,,,,,480
fear,mlp,19,0.1,0.37498555864606586,0.03749855586460659,-8.210535826534032,-8.131763442605735,0.07877238392829788,2.100677802439001,,,,,480
fear,mlp,20,0.1,0.39758555094401044,0.039758555094401044,-8.210535826534032,-8.121918979038794,0.08861684749523846,2.228874949927892,,,,,480
fear,mlp,21,0.1,0.43079367138090585,0.04307936713809059,-8.210535826534032,-8.109036464740832,0.1014993617932003,2.356101506037562,,,,,480
fear,mlp,22,0.1,0.4785931905110677,0.04785931905110677,-8.210535826534032,-8.099494186043739,0.11104164049029386,2.32016758056498,,,,,480
fear,mlp,23,0.1,0.5382461547851562,0.05382461547851563,-8.210535826534032,-8.088549580176672,0.12198624635736088,2.266365403131441,,,,,480
fear,mlp,24,0.1,0.5975563412620908,0.05975563412620908,-8.210535826534032,-8.08474552979072,0.12579029674331288,2.1050784345729285,,,,,480
fear,mlp,25,0.1,0.6637131827218192,0.06637131827218193,-8.210535826534032,-8.0812010700504,0.12933475648363313,1.948654326154027,,,,,480
fear,mlp,26,0.1,0.7567894345238095,0.07567894345238096,-8.210535826534032,-8.078979420661927,0.1315564058721055,1.7383488705135528,,,,,480
fear,mlp,27,0.1,1.6176143827892484,0.16176143827892486,-8.210535826534032,-7.975026082371672,0.2355097441623606,1.455907827403659,,,,,480
disgust,attention,0,0.1,0.024746809686933244,0.0024746809686933247,-0.49719873770287165,-0.4970948202359049,0.00010391746696675197,0.04199226820806006,,,,,475
disgust,attention,1,0.1,0.03355450857253302,0.003355450857253302,-0.49719873770287165,-0.4971684102949343,3.0327407937347228e-05,0.009038251259675004,,,,,475
disgust,attention,2,0.1,0.04446781249273391,0.004446781249273391,-0.49719873770287165,-0.497216375093711,-1.7637390839375655e-05,-0.003966327518867186,,,,,475
disgust,attention,3,0.1,0.05272324879964193,0.005272324879964194,-0.49719873770287165,-0.49715402527859337,4.471242427828148e-05,0.008480589739110526,,,,,475
disgust,attention,4,0.1,0.07425630660284133,0.007425630660284133,-0.49719873770287165,-0.49711812866361516,8.06090392564962e-05,0.01085551422421699,,,,,475
disgust,attention,5,0.1,0.09585160300845191,0.009585160300845191,-0.49719873770287165,-0.4971702352009322,2.850250193947579e-05,0.0029736072266796122,,,,,475
disgust,attention,6,0.1,0.10027883166358584,0.010027883166358584,-0.49719873770287165,-0.49705775075837183,0.0001409869444998213,0.014059492134172695,,,,,475
disgust,attention,7,0.1,0.12613108044578916,0.012613108044578917,-0.49719873770287165,-0.49638289043777867,0.0008158472650929838,0.06468249238883139,,,,,475
disgust,attention,8,0.1,0.13033072153727213,0.013033072153727213,-0.49719873770287165,-0.49668169670983364,0.0005170409930380093,0.03967145941796581,,,,,475
disgust,attention,9,0.1,0.13836706252325148,0.01383670625232515,-0.49719873770287165,-0.49639371655489267,0.0008050211479789793,0.05818011406028814,,,,,475
disgust,attention,10,0.1,0.1499653316679455,0.014996533166794552,-0.49719873770287165,-0.4963479051464482,0.0008508325564234309,0.0567352832124795,,,,,475
disgust,attention,11,0.1,0.15608846573602586,0.015608846573602586,-0.49719873770287165,-0.49573997268551273,0.0014587650173589206,0.09345757935925637,,,,,475
disgust,attention,12,0.1,0.1668252490815662,0.01668252490815662,-0.49719873770287165,-0.49446977022447086,0.00272896747840079,0.16358240095098017,,,,,475
disgust,attention,13,0.1,0.19299743289039248,0.01929974328903925,-0.49719873770287165,-0.48896925226638194,0.008229485436489714,0.4264038807792548,,,,,475
disgust,attention,14,0.1,0.21573316483270555,0.021573316483270558,-0.49719873770287165,-0.48476255401184687,0.012436183691024782,0.5764613753600963,,,,,475
disgust,attention,15,0.1,0.25008533114478704,0.025008533114478704,-0.49719873770287165,-0.47554892750162825,0.021649810201243402,0.8656969244113415,,,,,475
disgust,attention,16,0.1,0.2807611737932478,0.028076117379324778,-0.49719873770287165,-0.46968680861749146,0.027511929085380193,0.979905045761062,,,,,475
disgust,attention,17,0.1,0.29693485441662015,0.029693485441662018,-0.49719873770287165,-0.45995378412698446,0.037244953575887196,1.2543139689364302,,,,,475
disgust,attention,18,0.1,0.3229855128696987,0.032298551286969866,-0.49719873770287165,-0.45006760380770033,0.04713113389517132,1.459233681300911,,,,,475
disgust,attention,19,0.1,0.3499829428536551,0.034998294285365515,-0.49719873770287165,-0.43613704668848136,0.061061691014390296,1.7447047709385983,,,,,475
disgust,attention,20,0.1,0.3824343000139509,0.038243430001395094,-0.49719873770287165,-0.42362076235444923,0.07357797534842242,1.9239376631682448,,,,,475
disgust,attention,21,0.1,0.3979862758091518,0.03979862758091518,-0.49719873770287165,-0.41551510701054023,0.08168363069233142,2.0524233034483217,,,,,475
disgust,attention,22,0.1,0.44934290931338355,0.044934290931338355,-0.49719873770287165,-0.39933632665558866,0.097862411047283,2.1779004190100877,,,,,475
disgust,attention,23,0.1,0.5047627403622582,0.05047627403622582,-0.49719873770287165,-0.3844147240174444,0.11278401368542723,2.234396572228853,,,,,475
disgust,attention,24,0.1,0.556824457077753,0.0556824457077753,-0.49719873770287165,-0.3766539452264183,0.12054479247645333,2.1648616712900757,,,,,475
disgust,attention,25,0.1,0.6123204912458148,0.06123204912458148,-0.49719873770287165,-0.3698700182061446,0.12732871949672703,2.0794456712965235,,,,,475
disgust,attention,26,0.1,0.7091385977608817,0.07091385977608818,-0.49719873770287165,-0.3652419332767788,0.13195680442609287,1.8608041480572193,,,,,475
disgust,attention,27,0.1,0.7923965454101562,0.07923965454101563,-0.49719873770287165,-0.3703842187555213,0.12681451894735035,1.6003921228822278,,,,,475
disgust,mlp,0,0.1,0.028173367182413738,0.002817336718241374,-0.49719873770287165,-0.4970849502400348,0.00011378746283685626,0.04038830790090443,,,,,475
disgust,mlp,1,0.1,0.03440512929643903,0.0034405129296439033,-0.49719873770287165,-0.4971751962523711,2.3541450500541572e-05,0.006842424656424162,,,,,475
disgust,mlp,2,0.1,0.047152962003435404,0.004715296200343541,-0.49719873770287165,-0.4971971613482425,1.576354629162502e-06,0.0003343065975468633,,,,,475
disgust,mlp,3,0.1,0.05883604004269555,0.005883604004269555,-0.49719873770287165,-0.4971467888668964,5.1948835975257346e-05,0.00882942426743194,,,,,475
disgust,mlp,4,0.1,0.07728308723086402,0.007728308723086403,-0.49719873770287165,-0.4970985184531463,0.000100219249725364,0.01296781136938589,,,,,475
disgust,mlp,5,0.1,0.09360138575236003,0.009360138575236003,-0.49719873770287165,-0.49717909401968907,1.9643683182579696e-05,0.0020986530300470905,,,,,475
disgust,mlp,6,0.1,0.09779841559273857,0.009779841559273857,-0.49719873770287165,-0.49702870409739647,0.00017003360547518387,0.017386130894313657,,,,,475
disgust,mlp,7,0.1,0.11729521978469122,0.011729521978469123,-0.49719873770287165,-0.4963312059954593,0.0008675317074123279,0.0739613864064351,,,,,475
disgust,mlp,8,0.1,0.11951537359328497,0.011951537359328497,-0.49719873770287165,-0.49663174579018043,0.0005669919126912171,0.047440918740773094,,,,,475
disgust,mlp,9,0.1,0.1384358179001581,0.01384358179001581,-0.49719873770287165,-0.4966612569595638,0.0005374807433078388,0.03882526584958509,,,,,475
disgust,mlp,10,0.1,0.14277108510335287,0.014277108510335288,-0.49719873770287165,-0.4959040619825062,0.0012946757203654569,0.09068192760657615,,,,,475
disgust,mlp,11,0.1,0.1538222176688058,0.015382221766880581,-0.49719873770287165,-0.49610217329702877,0.0010965644058428814,0.07128777769957076,,,,,475
disgust,mlp,12,0.1,0.16940902528308688,0.01694090252830869,-0.49719873770287165,-0.49203753465100336,0.0051612030518682905,0.3046592732142686,,,,,475
disgust,mlp,13,0.1,0.19886348361060732,0.019886348361060735,-0.49719873770287165,-0.4867624206919419,0.01043631701092973,0.5247980585196315,,,,,475
disgust,mlp,14,0.1,0.2291873296101888,0.022918732961018883,-0.49719873770287165,-0.4789410674571991,0.01825767024567254,0.7966265097082781,,,,,475
disgust,mlp,15,0.1,0.2604990913754418,0.02604990913754418,-0.49719873770287165,-0.4715351100030698,0.02566362769980185,0.9851714861766789,,,,,475
disgust,mlp,16,0.1,0.29472378322056364,0.029472378322056365,-0.49719873770287165,-0.46059940175006264,0.03659933595280901,1.2418182052657425,,,,,475
disgust,mlp,17,0.1,0.3170248667399089,0.031702486673990886,-0.49719873770287165,-0.4507652737592396,0.04643346394363207,1.4646631483872419,,,,,475
disgust,mlp,18,0.1,0.3383351280575707,0.033833512805757075,-0.49719873770287165,-0.4378551077842712,0.05934362991860043,1.7539896096305607,,,,,475
disgust,mlp,19,0.1,0.37498555864606586,0.03749855586460659,-0.49719873770287165,-0.4243904676249153,0.07280827007795637,1.9416286414026207,,,,,475
disgust,mlp,20,0.1,0.39758555094401044,0.039758555094401044,-0.49719873770287165,-0.41581181441482745,0.0813869232880442,2.0470292015090212,,,,,475
disgust,mlp,21,0.1,0.43079367138090585,0.04307936713809059,-0.49719873770287165,-0.40359565173324785,0.0936030859696238,2.1728055026802,,,,,475
disgust,mlp,22,0.1,0.4785931905110677,0.04785931905110677,-0.49719873770287165,-0.3894424742146542,0.10775626348821743,2.2515210334093863,,,,,475
disgust,mlp,23,0.1,0.5382461547851562,0.05382461547851563,-0.49719873770287165,-0.3799878180968134,0.11721091960605823,2.177645275568082,,,,,475
disgust,mlp,24,0.1,0.5975563412620908,0.05975563412620908,-0.49719873770287165,-0.3728251965736088,0.12437354112926285,2.0813692791975926,,,,,475
disgust,mlp,25,0.1,0.6637131827218192,0.06637131827218193,-0.49719873770287165,-0.36847384540658246,0.1287248922962892,1.9394656554567997,,,,,475
disgust,mlp,26,0.1,0.7567894345238095,0.07567894345238096,-0.49719873770287165,-0.37383171561517214,0.12336702208769951,1.6301366861090634,,,,,475
disgust,mlp,27,0.1,1.6176143827892484,0.16176143827892486,-0.49719873770287165,-0.2754474152703034,0.22175132243256823,1.3708540477378977,,,,,475
surprise,attention,0,0.1,0.024746809686933244,0.0024746809686933247,-1.6998201338075725,-1.6996809560685904,0.00013917773898208807,0.05624067940182866,,,,,467
surprise,attention,1,0.1,0.03355450857253302,0.003355450857253302,-1.6998201338075725,-1.6997721458783241,4.798792924831652e-05,0.014301484745211968,,,,,467
surprise,attention,2,0.1,0.04446781249273391,0.004446781249273391,-1.6998201338075725,-1.6998305103125357,-1.0376504963272026e-05,-0.0023334867135565884,,,,,467
surprise,attention,3,0.1,0.05272324879964193,0.005272324879964194,-1.6998201338075725,-1.699879076228152,-5.8942420579466415e-05,-0.011179588117465689,,,,,467
surprise,attention,4,0.1,0.07425630660284133,0.007425630660284133,-1.6998201338075725,-1.6999560526913187,-0.00013591888374619998,-0.01830401887251947,,,,,467
surprise,attention,5,0.1,0.09585160300845191,0.009585160300845191,-1.6998201338075725,-1.7002849679687548,-0.0004648341611823703,-0.04849518908321049,,,,,467
surprise,attention,6,0.1,0.10027883166358584,0.010027883166358584,-1.6998201338075725,-1.6993892097115773,0.000430924095995211,0.04297258841635388,,,,,467
surprise,attention,7,0.1,0.12613108044578916,0.012613108044578917,-1.6998201338075725,-1.6993677291931382,0.0004524046144342986,0.03586781408954481,,,,,467
surprise,attention,8,0.1,0.13033072153727213,0.013033072153727213,-1.6998201338075725,-1.7002447258353999,-0.00042459202782740846,-0.032578046282509314,,,,,467
surprise,attention,9,0.1,0.13836706252325148,0.01383670625232515,-1.6998201338075725,-1.7003718031295108,-0.0005516693219382862,-0.03986998870092964,,,,,467
surprise,attention,10,0.1,0.1499653316679455,0.014996533166794552,-1.6998201338075725,-1.6996239132748425,0.00019622053272994044,0.013084392942524448,,,,,467
surprise,attention,11,0.1,0.15608846573602586,0.015608846573602586,-1.6998201338075725,-1.6995605002506387,0.00025963355693381374,0.01663374392909349,,,,,467
surprise,attention,12,0.1,0.1668252490815662,0.01668252490815662,-1.6998201338075725,-1.6958269151426228,0.003993218664949616,0.23936536507115921,,,,,467
surprise,attention,13,0.1,0.19299743289039248,0.01929974328903925,-1.6998201338075725,-1.687455666971411,0.012364466836161547,0.6406544714604365,,,,,467
surprise,attention,14,0.1,0.21573316483270555,0.021573316483270558,-1.6998201338075725,-1.6822645659109765,0.01755556789659596,0.8137630535485706,,,,,467
surprise,attention,15,0.1,0.25008533114478704,0.025008533114478704,-1.6998201338075725,-1.667597976371614,0.032222157435958465,1.2884465189724954,,,,,467
surprise,attention,16,0.1,0.2807611737932478,0.028076117379324778,-1.6998201338075725,-1.6578169453578027,0.0420031884497698,1.4960469028634602,,,,,467
surprise,attention,17,0.1,0.29693485441662015,0.029693485441662018,-1.6998201338075725,-1.6525683401738807,0.04725179363369181,1.591318531013347,,,,,467
surprise,attention,18,0.1,0.3229855128696987,0.032298551286969866,-1.6998201338075725,-1.6421704671367587,0.057649666670813726,1.784899457520598,,,,,467
surprise,attention,19,0.1,0.3499829428536551,0.034998294285365515,-1.6998201338075725,-1.6335573525704459,0.06626278123712659,1.8933145911866418,,,,,467
surprise,attention,20,0.1,0.3824343000139509,0.038243430001395094,-1.6998201338075725,-1.6191783969228732,0.08064173688469922,2.1086428932174095,,,,,467
surprise,attention,21,0.1,0.3979862758091518,0.03979862758091518,-1.6998201338075725,-1.6121464898167637,0.08767364399080879,2.2029313400960424,,,,,467
surprise,attention,22,0.1,0.44934290931338355,0.044934290931338355,-1.6998201338075725,-1.598526949545556,0.10129318426201639,2.2542513114716107,,,,,467
surprise,attention,23,0.1,0.5047627403622582,0.05047627403622582,-1.6998201338075725,-1.5875262487240982,0.11229388508347427,2.224686493358903,,,,,467
surprise,attention,24,0.1,0.556824457077753,0.0556824457077753,-1.6998201338075725,-1.581311635306101,0.1185084985014715,2.1282919059161114,,,,,467
surprise,attention,25,0.1,0.6123204912458148,0.06123204912458148,-1.6998201338075725,-1.5768735091295691,0.12294662467800332,2.007880292032341,,,,,467
surprise,attention,26,0.1,0.7091385977608817,0.07091385977608818,-1.6998201338075725,-1.5735664169844519,0.1262537168231206,1.7803813982452659,,,,,467
surprise,attention,27,0.1,0.7923965454101562,0.07923965454101563,-1.6998201338075725,-1.5738440566961465,0.125976077111426,1.5898110338961524,,,,,467
surprise,mlp,0,0.1,0.028173367182413738,0.002817336718241374,-1.6998201338075725,-1.6996780905784836,0.0001420432290888396,0.05041755505089403,,,,,467
surprise,mlp,1,0.1,0.03440512929643903,0.0034405129296439033,-1.6998201338075725,-1.6997677724672844,5.2361340288076264e-05,0.015219050577291601,,,,,467
surprise,mlp,2,0.1,0.047152962003435404,0.004715296200343541,-1.6998201338075725,-1.6998150646686554,5.069138917068727e-06,0.0010750414611704364,,,,,467
surprise,mlp,3,0.1,0.05883604004269555,0.005883604004269555,-1.6998201338075725,-1.699855864622353,-3.5730814780476905e-05,-0.006072946913923528,,,,,467
surprise,mlp,4,0.1,0.07728308723086402,0.007728308723086403,-1.6998201338075725,-1.6997273099116135,9.282389595899332e-05,0.012010893881827595,,,,,467
surprise,mlp,5,0.1,0.09360138575236003,0.009360138575236003,-1.6998201338075725,-1.7002662822317005,-0.00044614842412804556,-0.04766472424974718,,,,,467
surprise,mlp,6,0.1,0.09779841559273857,0.009779841559273857,-1.6998201338075725,-1.6992330920645204,0.0005870417430520192,0.06002569054867249,,,,,467
surprise,mlp,7,0.1,0.11729521978469122,0.011729521978469123,-1.6998201338075725,-1.6992212823039714,0.0005988515036010611,0.05105506470769409,,,,,467
surprise,mlp,8,0.1,0.11951537359328497,0.011951537359328497,-1.6998201338075725,-1.7000655337242805,-0.0002453999167080223,-0.02053291633787021,,,,,467
surprise,mlp,9,0.1,0.1384358179001581,0.01384358179001581,-1.6998201338075725,-1.6995303863759215,0.0002897474316509996,0.02093009136262478,,,,,467
surprise,mlp,10,0.1,0.14277108510335287,0.014277108510335288,-1.6998201338075725,-1.6986766748561084,0.0011434589514640603,0.08009037338592077,,,,,467
surprise,mlp,11,0.1,0.1538222176688058,0.015382221766880581,-1.6998201338075725,-1.6988573724631324,0.0009627613444400662,0.06258922534279053,,,,,467
surprise,mlp,12,0.1,0.16940902528308688,0.01694090252830869,-1.6998201338075725,-1.6922151088969866,0.0076050249105859,0.44891497946332587,,,,,467
surprise,mlp,13,0.1,0.19886348361060732,0.019886348361060735,-1.6998201338075725,-1.6861640489969314,0.013656084810641067,0.6867065065289167,,,,,467
surprise,mlp,14,0.1,0.2291873296101888,0.022918732961018883,-1.6998201338075725,-1.6749178425785816,0.024902291228990903,1.086547466273364,,,,,467
surprise,mlp,15,0.1,0.2604990913754418,0.02604990913754418,-1.6998201338075725,-1.6617404150375716,0.038079718770000826,1.4617985256278225,,,,,467
surprise,mlp,16,0.1,0.29472378322056364,0.029472378322056365,-1.6998201338075725,-1.6530817498231598,0.04673838398441266,1.585836863034391,,,,,467
surprise,mlp,17,0.1,0.3170248667399089,0.031702486673990886,-1.6998201338075725,-1.6434905087411786,0.05632962506639383,1.7768204004201145,,,,,467
surprise,mlp,18,0.1,0.3383351280575707,0.033833512805757075,-1.6998201338075725,-1.636124429980999,0.06369570382657352,1.882621653632582,,,,,467
surprise,mlp,19,0.1,0.37498555864606586,0.03749855586460659,-1.6998201338075725,-1.6200115184201929,0.0798086153873796,2.128311705537114,,,,,467
surprise,mlp,20,0.1,0.39758555094401044,0.039758555094401044,-1.6998201338075725,-1.6130059397195085,0.08681419408806401,2.1835349368692105,,,,,467
surprise,mlp,21,0.1,0.43079367138090585,0.04307936713809059,-1.6998201338075725,-1.5792535216062942,0.12056661220127829,2.798708992516137,,,,,467
surprise,mlp,22,0.1,0.4785931905110677,0.04785931905110677,-1.6998201338075725,-1.5677902038015696,0.13202993000600283,2.7587089123648862,,,,,467
surprise,mlp,23,0.1,0.5382461547851562,0.05382461547851563,-1.6998201338075725,-1.5601175192591976,0.13970261454837485,2.5955153289323145,,,,,467
surprise,mlp,24,0.1,0.5975563412620908,0.05975563412620908,-1.6998201338075725,-1.5550574623287619,0.1447626714788106,2.4225777802484583,,,,,467
surprise,mlp,25,0.1,0.6637131827218192,0.06637131827218193,-1.6998201338075725,-1.5530922978286825,0.14672783597888994,2.2107114910265038,,,,,467
surprise,mlp,26,0.1,0.7567894345238095,0.07567894345238096,-1.6998201338075725,-1.5527094604180252,0.1471106733895473,1.9438785305203545,,,,,467
surprise,mlp,27,0.1,1.6176143827892484,0.16176143827892486,-1.6998201338075725,-1.4655803376908476,0.23423979611672485,1.4480570809022217,,,,,467
anger,attention,0,0.3,0.024746809686933244,0.007424042906079973,-1.8761841503583736,-1.8761128341179014,7.131624047218565e-05,0.009606119115203485,,,,,478
anger,attention,1,0.3,0.03355450857253302,0.010066352571759906,-1.8761841503583736,-1.8761341659406738,4.998441769976658e-05,0.0049654944373787,,,,,478
anger,attention,2,0.3,0.04446781249273391,0.013340343747820173,-1.8761841503583736,-1.875915519051472,0.0002686313069015789,0.02013676048980923,,,,,478
anger,attention,3,0.3,0.05272324879964193,0.015816974639892577,-1.8761841503583736,-1.876003032978858,0.00018111737951564955,0.011450823159243532,,,,,478
anger,attention,4,0.3,0.07425630660284133,0.022276891980852396,-1.8761841503583736,-1.8752300535410518,0.0009540968173218367,0.04282899150123407,,,,,478
anger,attention,5,0.3,0.09585160300845191,0.028755480902535574,-1.8761841503583736,-1.8757905850350607,0.0003935653233129166,0.013686619418637967,,,,,478
anger,attention,6,0.3,0.10027883166358584,0.03008364949907575,-1.8761841503583736,-1.8761700540781021,1.4096280271491679e-05,0.00046856948894863153,,,,,478
anger,attention,7,0.3,0.12613108044578916,0.037839324133736744,-1.8761841503583736,-1.8753147280802287,0.0008694222781449046,0.02297668623974565,,,,,478
anger,attention,8,0.3,0.13033072153727213,0.039099216461181634,-1.8761841503583736,-1.874771648464592,0.0014125018937816147,0.03612609207102579,,,,,478
anger,attention,9,0.3,0.13836706252325148,0.041510118756975446,-1.8761841503583736,-1.8722643704469233,0.003919779911450316,0.09442950366870796,,,,,478
anger,attention,10,0.3,0.1499653316679455,0.04498959950038365,-1.8761841503583736,-1.8716119701767566,0.0045721801816169805,0.10162749240695043,,,,,478
anger,attention,11,0.3,0.15608846573602586,0.046826539720807754,-1.8761841503583736,-1.8697793008642716,0.006404849494102027,0.13677819314195408,,,,,478
anger,attention,12,0.3,0.1668252490815662,0.050047574724469863,-1.8761841503583736,-1.8586938462247409,0.017490304133632728,0.3494735605056434,,,,,478
anger,attention,13,0.3,0.19299743289039248,0.05789922986711774,-1.8761841503583736,-1.8345571197725241,0.04162703058584949,0.7189565505687392,,,,,478
anger,attention,14,0.3,0.21573316483270555,0.06471994944981166,-1.8761841503583736,-1.8205209109448988,0.05566323941347484,0.8600630854423021,,,,,478
anger,attention,15,0.3,0.25008533114478704,0.07502559934343611,-1.8761841503583736,-1.8011521969504936,0.07503195340788005,1.0000846919518076,,,,,478
anger,attention,16,0.3,0.2807611737932478,0.08422835213797433,-1.8761841503583736,-1.7723153263143416,0.10386882404403197,1.233181243696714,,,,,478
anger,attention,17,0.3,0.29693485441662015,0.08908045632498604,-1.8761841503583736,-1.7455184056918491,0.13066574466652447,1.4668284162109106,,,,,478
anger,attention,18,0.3,0.3229855128696987,0.0968956538609096,-1.8761841503583736,-1.7162930493761306,0.15989110098224302,1.6501369732409383,,,,,478
anger,attention,19,0.3,0.3499829428536551,0.10499488285609652,-1.8761841503583736,-1.6849658305300828,0.19121831982829085,1.821215611911012,,,,,478
anger,attention,20,0.3,0.3824343000139509,0.11473029000418526,-1.8761841503583736,-1.651089210016458,0.22509494034191557,1.961948674004958,,,,,478
anger,attention,21,0.3,0.3979862758091518,0.11939588274274554,-1.8761841503583736,-1.6221302851535786,0.254053865204795,2.1278276885995155,,,,,478
anger,attention,22,0.3,0.44934290931338355,0.13480287279401507,-1.8761841503583736,-1.5735778362494133,0.30260631410896033,2.244806121983443,,,,,478
anger,attention,23,0.3,0.5047627403622582,0.15142882210867745,-1.8761841503583736,-1.5394342577232976,0.33674989263507604,2.22381636432064,,,,,478
anger,attention,24,0.3,0.556824457077753,0.1670473371233259,-1.8761841503583736,-1.5174885544318035,0.3586955959265701,2.1472691639601305,,,,,478
anger,attention,25,0.3,0.6123204912458148,0.18369614737374443,-1.8761841503583736,-1.505465318780065,0.37071883157830854,2.0181089090782702,,,,,478
anger,attention,26,0.3,0.7091385977608817,0.2127415793282645,-1.8761841503583736,-1.4928152431503998,0.3833689072079738,1.802040336536319,,,,,478
anger,attention,27,0.3,0.7923965454101562,0.23771896362304687,-1.8761841503583736,-1.5024430219972482,0.3737411283611254,1.5721973655991959,,,,,478
anger,mlp,0,0.3,0.028173367182413738,0.008452010154724122,-1.8761841503583736,-1.8760980612999725,8.608905840112868e-05,0.01018563120786249,,,,,478
anger,mlp,1,0.3,0.03440512929643903,0.01032153878893171,-1.8761841503583736,-1.8761185216853808,6.562867299275688e-05,0.006358419450318174,,,,,478
anger,mlp,2,0.3,0.047152962003435404,0.01414588860103062,-1.8761841503583736,-1.876464990174172,-0.000280839815798295,-0.019853105288686775,,,,,478
anger,mlp,3,0.3,0.05883604004269555,0.017650812012808662,-1.8761841503583736,-1.8759332001832738,0.00025095017509979556,0.014217486137050725,,,,,478
anger,mlp,4,0.3,0.07728308723086402,0.023184926169259205,-1.8761841503583736,-1.8750724614788798,0.0011116888794937552,0.047948778071492795,,,,,478
anger,mlp,5,0.3,0.09360138575236003,0.02808041572570801,-1.8761841503583736,-1.8756781927150163,0.0005059576433572577,0.018018167832680856,,,,,478
anger,mlp,6,0.3,0.09779841559273857,0.02933952467782157,-1.8761841503583736,-1.8763549092175074,-0.0001707588591337572,-0.00582009630383814,,,,,478
anger,mlp,7,0.3,0.11729521978469122,0.03518856593540737,-1.8761841503583736,-1.8752004110164722,0.000983739341901435,0.027956221452934485,,,,,478
anger,mlp,8,0.3,0.11951537359328497,0.03585461207798549,-1.8761841503583736,-1.8746094856738544,0.001574664684519167,0.043918051075108454,,,,,478
anger,mlp,9,0.3,0.1384358179001581,0.04153074537004743,-1.8761841503583736,-1.871665998482804,0.004518151875569698,0.10879053181714032,,,,,478
anger,mlp,10,0.3,0.14277108510335287,0.04283132553100586,-1.8761841503583736,-1.8701856971161137,0.0059984532422598935,0.1400482746656434,,,,,478
anger,mlp,11,0.3,0.1538222176688058,0.04614666530064174,-1.8761841503583736,-1.8675886431872595,0.008595507171114125,0.18626496877109325,,,,,478
anger,mlp,12,0.3,0.16940902528308688,0.05082270758492606,-1.8761841503583736,-1.8495374562600666,0.026646694098307,0.5243068573979394,,,,,478
anger,mlp,13,0.3,0.19886348361060732,0.05965904508318219,-1.8761841503583736,-1.8271880514576844,0.04899609890068923,0.8212685743188534,,,,,478
anger,mlp,14,0.3,0.2291873296101888,0.06875619888305665,-1.8761841503583736,-1.810700211783084,0.06548393857528967,0.9524077776124219,,,,,478
anger,mlp,15,0.3,0.2604990913754418,0.07814972741263254,-1.8761841503583736,-1.7822930613633978,0.09389108899497578,1.2014256748360548,,,,,478
anger,mlp,16,0.3,0.29472378322056364,0.08841713496616908,-1.8761841503583736,-1.7480173717607514,0.12816677859762216,1.449569460112708,,,,,478
anger,mlp,17,0.3,0.3170248667399089,0.09510746002197266,-1.8761841503583736,-1.718726017266886,0.1574581330914877,1.6555813082918014,,,,,478
anger,mlp,18,0.3,0.3383351280575707,0.1015005384172712,-1.8761841503583736,-1.6920758176236472,0.18410833273472638,1.8138655775189338,,,,,478
anger,mlp,19,0.3,0.37498555864606586,0.11249566759381975,-1.8761841503583736,-1.653614450978684,0.2225696993796895,1.9784735193830432,,,,,478
anger,mlp,20,0.3,0.39758555094401044,0.11927566528320313,-1.8761841503583736,-1.6235546504291531,0.25262949992922046,2.1180305247460796,,,,,478
anger,mlp,21,0.3,0.43079367138090585,0.12923810141427175,-1.8761841503583736,-1.5832088118317735,0.29297533852660007,2.2669424521137915,,,,,478
anger,mlp,22,0.3,0.4785931905110677,0.1435779571533203,-1.8761841503583736,-1.5535960454945783,0.3225881048637953,2.2467801552526496,,,,,478
anger,mlp,23,0.3,0.5382461547851562,0.16147384643554688,-1.8761841503583736,-1.5265345087734725,0.3496496415849011,2.1653639230329818,,,,,478
anger,mlp,24,0.3,0.5975563412620908,0.17926690237862722,-1.8761841503583736,-1.5137937792175484,0.3623903711408252,2.021512986125154,,,,,478
anger,mlp,25,0.3,0.6637131827218192,0.19911395481654576,-1.8761841503583736,-1.5098563360993333,0.36632781425904026,1.8397897555525804,,,,,478
anger,mlp,26,0.3,0.7567894345238095,0.22703683035714284,-1.8761841503583736,-1.510932126928074,0.3652520234302996,1.608778729229684,,,,,478
anger,mlp,27,0.3,1.6176143827892484,0.4852843148367745,-1.8761841503583736,-1.2668340843965817,0.6093500659617919,1.255655802860117,,,,,478
sadness,attention,0,0.3,0.024746809686933244,0.007424042906079973,0.05994866397895653,0.06068544480285804,0.0007367808239015089,0.09924253310795349,,,,,477
sadness,attention,1,0.3,0.03355450857253302,0.010066352571759906,0.05994866397895653,0.05936709508705939,-0.000581568891897144,-0.057773546848406084,,,,,477
sadness,attention,2,0.3,0.04446781249273391,0.013340343747820173,0.05994866397895653,0.05977118396409153,-0.00017748001486500575,-0.013304006120082638,,,,,477
sadness,attention,3,0.3,0.05272324879964193,0.015816974639892577,0.05994866397895653,0.0601326658290887,0.00018400185013216913,0.011633188667325245,,,,,477
sadness,attention,4,0.3,0.07425630660284133,0.022276891980852396,0.05994866397895653,0.06069140189348777,0.0007427379145312357,0.03334118220663993,,,,,477
sadness,attention,5,0.3,0.09585160300845191,0.028755480902535574,0.05994866397895653,0.05989837377826123,-5.02902006953021e-05,-0.0017488909632830262,,,,,477
sadness,attention,6,0.3,0.10027883166358584,0.03008364949907575,0.05994866397895653,0.05949235224873765,-0.00045631173021888627,-0.015168097548567216,,,,,477
sadness,attention,7,0.3,0.12613108044578916,0.037839324133736744,0.05994866397895653,0.06212076688462583,0.0021721029056692986,0.057403321951321466,,,,,477
sadness,attention,8,0.3,0.13033072153727213,0.039099216461181634,0.05994866397895653,0.062233173122445994,0.0022845091434894604,0.0584285146930645,,,,,477
sadness,attention,9,0.3,0.13836706252325148,0.041510118756975446,0.05994866397895653,0.06430415150004613,0.0043554875210896,0.10492592291988312,,,,,477
sadness,attention,10,0.3,0.1499653316679455,0.04498959950038365,0.05994866397895653,0.06704002100216767,0.007091357023211141,0.15762214160520965,,,,,477
sadness,attention,11,0.3,0.15608846573602586,0.046826539720807754,0.05994866397895653,0.0716826025420015,0.011733938563044964,0.25058308030031295,,,,,477
sadness,attention,12,0.3,0.1668252490815662,0.050047574724469863,0.05994866397895653,0.08629908976564868,0.026350425786692146,0.5265075467045275,,,,,477
sadness,attention,13,0.3,0.19299743289039248,0.05789922986711774,0.05994866397895653,0.11624170561756478,0.056293041638608245,0.9722589016780396,,,,,477
sadness,attention,14,0.3,0.21573316483270555,0.06471994944981166,0.05994866397895653,0.13920666461720657,0.07925800063825003,1.224630138188105,,,,,477
sadness,attention,15,0.3,0.25008533114478704,0.07502559934343611,0.05994866397895653,0.18339742573302248,0.12344876175406594,1.645421867127894,,,,,477
sadness,attention,16,0.3,0.2807611737932478,0.08422835213797433,0.05994866397895653,0.20397489975583377,0.14402623577687723,1.7099495849206225,,,,,477
sadness,attention,17,0.3,0.29693485441662015,0.08908045632498604,0.05994866397895653,0.23085036617654925,0.1709017021975927,1.918509505318472,,,,,477
sadness,attention,18,0.3,0.3229855128696987,0.0968956538609096,0.05994866397895653,0.2577525599072814,0.19780389592832487,2.041411436391828,,,,,477
sadness,attention,19,0.3,0.3499829428536551,0.10499488285609652,0.05994866397895653,0.2773856321345835,0.21743696815562696,2.07092919426979,,,,,477
sadness,attention,20,0.3,0.3824343000139509,0.11473029000418526,0.05994866397895653,0.31681936223302,0.25687069825406345,2.2389091690145038,,,,,477
sadness,attention,21,0.3,0.3979862758091518,0.11939588274274554,0.05994866397895653,0.3319948161298124,0.27204615215085587,2.2785220553795464,,,,,477
sadness,attention,22,0.3,0.44934290931338355,0.13480287279401507,0.05994866397895653,0.3648146492755138,0.3048659852965573,2.261568904116802,,,,,477
sadness,attention,23,0.3,0.5047627403622582,0.15142882210867745,0.05994866397895653,0.39892199498052616,0.3389733310015696,2.238499423566111,,,,,477
sadness,attention,24,0.3,0.556824457077753,0.1670473371233259,0.05994866397895653,0.41628928023314327,0.3563406162541867,2.1331714853443695,,,,,477
sadness,attention,25,0.3,0.6123204912458148,0.18369614737374443,0.05994866397895653,0.42867812320621257,0.36872945922725603,2.007279218965037,,,,,477
sadness,attention,26,0.3,0.7091385977608817,0.2127415793282645,0.05994866397895653,0.4364408540150904,0.3764921900361339,1.7697160622052115,,,,,477
sadness,attention,27,0.3,0.7923965454101562,0.23771896362304687,0.05994866397895653,0.43851569207459373,0.3785670280956372,1.5924982270069727,,,,,477
sadness,mlp,0,0.3,0.028173367182413738,0.008452010154724122,0.05994866397895653,0.06072051676314332,0.0007718527841867884,0.09132180038323465,,,,,477
sadness,mlp,1,0.3,0.03440512929643903,0.01032153878893171,0.05994866397895653,0.05941134991135987,-0.0005373140675966614,-0.05205755445814432,,,,,477
sadness,mlp,2,0.3,0.047152962003435404,0.01414588860103062,0.05994866397895653,0.0597552831442851,-0.00019338083467143607,-0.013670462148086407,,,,,477
sadness,mlp,3,0.3,0.05883604004269555,0.017650812012808662,0.05994866397895653,0.06021679990946372,0.00026813593050718787,0.01519113853303801,,,,,477
sadness,mlp,4,0.3,0.07728308723086402,0.023184926169259205,0.05994866397895653,0.060826394730393994,0.000877730751437461,0.03785781956041941,,,,,477
sadness,mlp,5,0.3,0.09360138575236003,0.02808041572570801,0.05994866397895653,0.059970784987043786,2.2121008087253036e-05,0.0007877735252687498,,,,,477
sadness,mlp,6,0.3,0.09779841559273857,0.02933952467782157,0.05994866397895653,0.05890603166706157,-0.001042632311894963,-0.03553678266243737,,,,,477
sadness,mlp,7,0.3,0.11729521978469122,0.03518856593540737,0.05994866397895653,0.0623124632320564,0.002363799253099867,0.06717520848786196,,,,,477
sadness,mlp,8,0.3,0.11951537359328497,0.03585461207798549,0.05994866397895653,0.06221919195956904,0.002270527980612509,0.06332596698226724,,,,,477
sadness,mlp,9,0.3,0.1384358179001581,0.04153074537004743,0.05994866397895653,0.06603211476867804,0.006083450789721508,0.14648065512710445,,,,,477
sadness,mlp,10,0.3,0.14277108510335287,0.04283132553100586,0.05994866397895653,0.069817835679844,0.009869171700887462,0.23041947870007218,,,,,477
sadness,mlp,11,0.3,0.1538222176688058,0.04614666530064174,0.05994866397895653,0.07159109416747743,0.011642430188520896,0.25229190695950443,,,,,477
sadness,mlp,12,0.3,0.16940902528308688,0.05082270758492606,0.05994866397895653,0.09653491918895729,0.03658625521000076,0.7198800880268761,,,,,477
sadness,mlp,13,0.3,0.19886348361060732,0.05965904508318219,0.05994866397895653,0.12221034530323756,0.062261681324281025,1.0436251743129645,,,,,477
sadness,mlp,14,0.3,0.2291873296101888,0.06875619888305665,0.05994866397895653,0.16011487919079684,0.1001662152118403,1.4568317742841934,,,,,477
sadness,mlp,15,0.3,0.2604990913754418,0.07814972741263254,0.05994866397895653,0.19196310964270458,0.13201444566374804,1.6892502384136086,,,,,477
sadness,mlp,16,0.3,0.29472378322056364,0.08841713496616908,0.05994866397895653,0.229179346461466,0.16923068248250947,1.914003236445763,,,,,477
sadness,mlp,17,0.3,0.3170248667399089,0.09510746002197266,0.05994866397895653,0.2545838759630231,0.19463521198406658,2.046476816215048,,,,,477
sadness,mlp,18,0.3,0.3383351280575707,0.1015005384172712,0.05994866397895653,0.27101856944945873,0.2110699054705022,2.079495426938413,,,,,477
sadness,mlp,19,0.3,0.37498555864606586,0.11249566759381975,0.05994866397895653,0.31357294002419,0.25362427604523347,2.2545248316670907,,,,,477
sadness,mlp,20,0.3,0.39758555094401044,0.11927566528320313,0.05994866397895653,0.33035093733349685,0.2704022733545403,2.267036387619457,,,,,477
sadness,mlp,21,0.3,0.43079367138090585,0.12923810141427175,0.05994866397895653,0.3538495672074004,0.29390090322844387,2.27410415359126,,,,,477
sadness,mlp,22,0.3,0.4785931905110677,0.1435779571533203,0.05994866397895653,0.38285783514286736,0.3229091711639108,2.249016336254812,,,,,477
sadness,mlp,23,0.3,0.5382461547851562,0.16147384643554688,0.05994866397895653,0.40562242806832494,0.3456737640893684,2.1407414991340152,,,,,477
sadness,mlp,24,0.3,0.5975563412620908,0.17926690237862722,0.05994866397895653,0.41999394757442754,0.360045283595471,2.0084314439428654,,,,,477
sadness,mlp,25,0.3,0.6637131827218192,0.19911395481654576,0.05994866397895653,0.41922246116512224,0.3592737971861657,1.8043627204189867,,,,,477
sadness,mlp,26,0.3,0.7567894345238095,0.22703683035714284,0.05994866397895653,0.43119401376952166,0.3712453497905651,1.6351767649617617,,,,,477
sadness,mlp,27,0.3,1.6176143827892484,0.4852843148367745,0.05994866397895653,0.7214276052745883,0.6614789412956318,1.3630750491454076,,,,,477
happiness,attention,0,0.3,0.024746809686933244,0.007424042906079973,12.8519751003448,12.850402168010143,-0.0015729323346569402,-0.21187004904952475,,,,,470
happiness,attention,1,0.3,0.03355450857253302,0.010066352571759906,12.8519751003448,12.851211770291025,-0.0007633300537754906,-0.07582985478940335,,,,,470
happiness,attention,2,0.3,0.04446781249273391,0.013340343747820173,12.8519751003448,12.852922328228646,0.0009472278838451587,0.07100475832940488,,,,,470
happiness,attention,3,0.3,0.05272324879964193,0.015816974639892577,12.8519751003448,12.851839229147485,-0.00013587119731539588,-0.00859021402061998,,,,,470
happiness,attention,4,0.3,0.07425630660284133,0.022276891980852396,12.8519751003448,12.857076192916708,0.005101092571907273,0.2289858287364235,,,,,470
happiness,attention,5,0.3,0.09585160300845191,0.028755480902535574,12.8519751003448,12.85794935733714,0.005974256992340443,0.20776063570592732,,,,,470
happiness,attention,6,0.3,0.10027883166358584,0.03008364949907575,12.8519751003448,12.860691299337022,0.008716198992221535,0.2897321015686385,,,,,470
happiness,attention,7,0.3,0.12613108044578916,0.037839324133736744,12.8519751003448,12.86616135328374,0.014186252938939603,0.37490767247323636,,,,,470
happiness,attention,8,0.3,0.13033072153727213,0.039099216461181634,12.8519751003448,12.871771921502782,0.01979682115798198,0.5063227079661967,,,,,470
happiness,attention,9,0.3,0.13836706252325148,0.041510118756975446,12.8519751003448,12.881879246742168,0.02990414639736727,0.7204061875236654,,,,,470
happiness,attention,10,0.3,0.1499653316679455,0.04498959950038365,12.8519751003448,12.892953523930084,0.04097842358528325,0.9108421510828032,,,,,470
happiness,attention,11,0.3,0.15608846573602586,0.046826539720807754,12.8519751003448,12.908897553098962,0.05692245275416141,1.215602371935833,,,,,470
happiness,attention,12,0.3,0.1668252490815662,0.050047574724469863,12.8519751003448,12.940216811159823,0.08824171081502286,1.763156582528237,,,,,470
happiness,attention,13,0.3,0.19299743289039248,0.05789922986711774,12.8519751003448,12.96307211733879,0.11109701699398933,1.918799563465071,,,,,470
happiness,attention,14,0.3,0.21573316483270555,0.06471994944981166,12.8519751003448,12.969038478871608,0.11706337852680804,1.8087680772616657,,,,,470
happiness,attention,15,0.3,0.25008533114478704,0.07502559934343611,12.8519751003448,12.984828388437311,0.13285328809251062,1.7707727662975847,,,,,470
happiness,attention,16,0.3,0.2807611737932478,0.08422835213797433,12.8519751003448,13.016414360797151,0.16443926045235102,1.9523029511842203,,,,,470
happiness,attention,17,0.3,0.29693485441662015,0.08908045632498604,12.8519751003448,13.036743536401302,0.18476843605650117,2.0741747817548593,,,,,470
happiness,attention,18,0.3,0.3229855128696987,0.0968956538609096,12.8519751003448,13.061014270528833,0.20903917018403284,2.1573637398030403,,,,,470
happiness,attention,19,0.3,0.3499829428536551,0.10499488285609652,12.8519751003448,13.079708376336605,0.22773327599180426,2.168994048061657,,,,,470
happiness,attention,20,0.3,0.3824343000139509,0.11473029000418526,12.8519751003448,13.103226026829253,0.25125092648445246,2.1899267096360258,,,,,470
happiness,attention,21,0.3,0.3979862758091518,0.11939588274274554,12.8519751003448,13.120257480854685,0.2682823805098842,2.2469985928068774,,,,,470
happiness,attention,22,0.3,0.44934290931338355,0.13480287279401507,12.8519751003448,13.155210315673909,0.30323521532910824,2.2494714618765244,,,,,470
happiness,attention,23,0.3,0.5047627403622582,0.15142882210867745,12.8519751003448,13.185170217270548,0.3331951169257472,2.200341469252265,,,,,470
happiness,attention,24,0.3,0.556824457077753,0.1670473371233259,12.8519751003448,13.196268393638286,0.3442932932934859,2.06105226950912,,,,,470
happiness,attention,25,0.3,0.6123204912458148,0.18369614737374443,12.8519751003448,13.208641845875597,0.3566667455307968,1.9416125521953922,,,,,470
happiness,attention,26,0.3,0.7091385977608817,0.2127415793282645,12.8519751003448,13.223872352407334,0.3718972520625332,1.7481173790135698,,,,,470
happiness,attention,27,0.3,0.7923965454101562,0.23771896362304687,12.8519751003448,13.229245449127035,0.3772703487822344,1.587043553582353,,,,,470
happiness,mlp,0,0.3,0.028173367182413738,0.008452010154724122,12.8519751003448,12.850303991297459,-0.001671109047341801,-0.19771734968961913,,,,,470
happiness,mlp,1,0.3,0.03440512929643903,0.01032153878893171,12.8519751003448,12.852664045577354,0.0006889452325538059,0.0667483062983395,,,,,470
happiness,mlp,2,0.3,0.047152962003435404,0.01414588860103062,12.8519751003448,12.850931603857811,-0.0010434964869894259,-0.07376676831128165,,,,,470
happiness,mlp,3,0.3,0.05883604004269555,0.017650812012808662,12.8519751003448,12.851503764314854,-0.00047133602994620105,-0.02670336240645284,,,,,470
happiness,mlp,4,0.3,0.07728308723086402,0.023184926169259205,12.8519751003448,12.857313528720368,0.005338428375567972,0.23025427541133045,,,,,470
happiness,mlp,5,0.3,0.09360138575236003,0.02808041572570801,12.8519751003448,12.85799518950442,0.0060200891596196016,0.21438746557117838,,,,,470
happiness,mlp,6,0.3,0.09779841559273857,0.02933952467782157,12.8519751003448,12.861527950205701,0.009552849860900992,0.3255966129581579,,,,,470
happiness,mlp,7,0.3,0.11729521978469122,0.03518856593540737,12.8519751003448,12.867061361860722,0.015086261515921962,0.42872623862008236,,,,,470
happiness,mlp,8,0.3,0.11951537359328497,0.03585461207798549,12.8519751003448,12.875615440023706,0.023640339678905775,0.6593388774500449,,,,,470
happiness,mlp,9,0.3,0.1384358179001581,0.04153074537004743,12.8519751003448,12.883814620210769,0.03183951986596867,0.7666493722246503,,,,,470
happiness,mlp,10,0.3,0.14277108510335287,0.04283132553100586,12.8519751003448,12.89828877981673,0.04631367947192899,1.0813039031071368,,,,,470
happiness,mlp,11,0.3,0.1538222176688058,0.04614666530064174,12.8519751003448,12.906891636899177,0.05491653655437645,1.1900434451026898,,,,,470
happiness,mlp,12,0.3,0.16940902528308688,0.05082270758492606,12.8519751003448,12.932365628759912,0.08039052841511207,1.5817836600062565,,,,,470
happiness,mlp,13,0.3,0.19886348361060732,0.05965904508318219,12.8519751003448,12.95699370237107,0.10501860202627,1.7603131575412128,,,,,470
happiness,mlp,14,0.3,0.2291873296101888,0.06875619888305665,12.8519751003448,12.96766913038619,0.11569403004138934,1.6826705361965468,,,,,470
happiness,mlp,15,0.3,0.2604990913754418,0.07814972741263254,12.8519751003448,12.995023376637317,0.14304827629251626,1.8304385828144702,,,,,470
happiness,mlp,16,0.3,0.29472378322056364,0.08841713496616908,12.8519751003448,13.030587071307162,0.17861197096236126,2.020105842953442,,,,,470
happiness,mlp,17,0.3,0.3170248667399089,0.09510746002197266,12.8519751003448,13.057303800988704,0.20532870064390352,2.1589126720077108,,,,,470
happiness,mlp,18,0.3,0.3383351280575707,0.1015005384172712,12.8519751003448,13.072451852230316,0.2204767518855153,2.1721732251225108,,,,,470
happiness,mlp,19,0.3,0.37498555864606586,0.11249566759381975,12.8519751003448,13.099870246775607,0.2478951464308068,2.203597273860043,,,,,470
happiness,mlp,20,0.3,0.39758555094401044,0.11927566528320313,12.8519751003448,13.119065287265371,0.26709018692057107,2.23926805427078,,,,,470
happiness,mlp,21,0.3,0.43079367138090585,0.12923810141427175,12.8519751003448,13.144448866235448,0.292473765890648,2.2630614554845985,,,,,470
happiness,mlp,22,0.3,0.4785931905110677,0.1435779571533203,12.8519751003448,13.171374924385802,0.3193998240410014,2.2245742339120276,,,,,470
happiness,mlp,23,0.3,0.5382461547851562,0.16147384643554688,12.8519751003448,13.18615967314294,0.33418457279814007,2.06958947331159,,,,,470
happiness,mlp,24,0.3,0.5975563412620908,0.17926690237862722,12.8519751003448,13.200219972082909,0.3482448717381086,1.9426055067465007,,,,,470
happiness,mlp,25,0.3,0.6637131827218192,0.19911395481654576,12.8519751003448,13.203950971999067,0.35197587165426647,1.7677107161000367,,,,,470
happiness,mlp,26,0.3,0.7567894345238095,0.22703683035714284,12.8519751003448,13.219762482541674,0.3677873821968731,1.6199458987263038,,,,,470
happiness,mlp,27,0.3,1.6176143827892484,0.4852843148367745,12.8519751003448,13.498064988978365,0.6460898886335649,1.3313636334009216,,,,,470
fear,attention,0,0.3,0.024746809686933244,0.007424042906079973,-8.162142317990462,-8.162105196962754,3.712102770769832e-05,0.00500010953294704,,,,,480
fear,attention,1,0.3,0.03355450857253302,0.010066352571759906,-8.162142317990462,-8.162377617011467,-0.00023529902100527522,-0.023374804262805367,,,,,480
fear,attention,2,0.3,0.04446781249273391,0.013340343747820173,-8.162142317990462,-8.161484515170256,0.0006578028202053332,0.04930928562562857,,,,,480
fear,attention,3,0.3,0.05272324879964193,0.015816974639892577,-8.162142317990462,-8.16150946393609,0.0006328540543716343,0.040011068410989906,,,,,480
fear,attention,4,0.3,0.07425630660284133,0.022276891980852396,-8.162142317990462,-8.160648827006419,0.0014934909840427224,0.06704216123714292,,,,,480
fear,attention,5,0.3,0.09585160300845191,0.028755480902535574,-8.162142317990462,-8.163025392840305,-0.0008830748498436236,-0.030709792433544613,,,,,480
fear,attention,6,0.3,0.10027883166358584,0.03008364949907575,-8.162142317990462,-8.158573644608259,0.0035686733822029026,0.11862501530316466,,,,,480
fear,attention,7,0.3,0.12613108044578916,0.037839324133736744,-8.162142317990462,-8.1567625751098,0.005379742880661453,0.14217333432403959,,,,,480
fear,attention,8,0.3,0.13033072153727213,0.039099216461181634,-8.162142317990462,-8.15683559825023,0.005306719740231003,0.13572445231734004,,,,,480
fear,attention,9,0.3,0.13836706252325148,0.041510118756975446,-8.162142317990462,-8.149100774774949,0.013041543215512874,0.31417744892192934,,,,,480
fear,attention,10,0.3,0.1499653316679455,0.04498959950038365,-8.162142317990462,-8.144076479474704,0.01806583851575816,0.40155588661339614,,,,,480
fear,attention,11,0.3,0.15608846573602586,0.046826539720807754,-8.162142317990462,-8.144150421768426,0.017991896222035564,0.38422433793545324,,,,,480
fear,attention,12,0.3,0.1668252490815662,0.050047574724469863,-8.162142317990462,-8.134116470317046,0.028025847673415427,0.5599841316528908,,,,,480
fear,attention,13,0.3,0.19299743289039248,0.05789922986711774,-8.162142317990462,-8.123063753793637,0.03907856419682432,0.6749410015731124,,,,,480
fear,attention,14,0.3,0.21573316483270555,0.06471994944981166,-8.162142317990462,-8.10159012004733,0.0605521979431316,0.9356032947783431,,,,,480
fear,attention,15,0.3,0.25008533114478704,0.07502559934343611,-8.162142317990462,-8.065040093163649,0.09710222482681274,1.2942545701277106,,,,,480
fear,attention,16,0.3,0.2807611737932478,0.08422835213797433,-8.162142317990462,-8.045406150321165,0.11673616766929662,1.3859486112000776,,,,,480
fear,attention,17,0.3,0.29693485441662015,0.08908045632498604,-8.162142317990462,-8.020500847697258,0.1416414702932034,1.590039792527136,,,,,480
fear,attention,18,0.3,0.3229855128696987,0.0968956538609096,-8.162142317990462,-7.99137386418879,0.1707684538016716,1.7623953913021102,,,,,480
fear,attention,19,0.3,0.3499829428536551,0.10499488285609652,-8.162142317990462,-7.953000960250695,0.2091413577397665,1.991919530272829,,,,,480
fear,attention,20,0.3,0.3824343000139509,0.11473029000418526,-8.162142317990462,-7.9224832704911625,0.23965904749929923,2.0888908019892276,,,,,480
fear,attention,21,0.3,0.3979862758091518,0.11939588274274554,-8.162142317990462,-7.89463462245961,0.26750769553085174,2.240510220165908,,,,,480
fear,attention,22,0.3,0.44934290931338355,0.13480287279401507,-8.162142317990462,-7.848053567732374,0.3140887502580876,2.3299855837496097,,,,,480
fear,attention,23,0.3,0.5047627403622582,0.15142882210867745,-8.162142317990462,-7.814094302182396,0.34804801580806544,2.298426488177253,,,,,480
fear,attention,24,0.3,0.556824457077753,0.1670473371233259,-8.162142317990462,-7.784099842359622,0.37804247563083937,2.2630859140947712,,,,,480
fear,attention,25,0.3,0.6123204912458148,0.18369614737374443,-8.162142317990462,-7.774210348601143,0.38793196938931906,2.1118133120126936,,,,,480
fear,attention,26,0.3,0.7091385977608817,0.2127415793282645,-8.162142317990462,-7.755360322197278,0.4067819957931835,1.9120944625756997,,,,,480
fear,attention,27,0.3,0.7923965454101562,0.23771896362304687,-8.162142317990462,-7.757630883653959,0.40451143433650305,1.7016372113162184,,,,,480
fear,mlp,0,0.3,0.028173367182413738,0.008452010154724122,-8.162142317990462,-8.162132560710113,9.757280349020903e-06,0.0011544331076752457,,,,,480
fear,mlp,1,0.3,0.03440512929643903,0.01032153878893171,-8.162142317990462,-8.162336790064971,-0.0001944720745097328,-0.018841383875655704,,,,,480
fear,mlp,2,0.3,0.047152962003435404,0.01414588860103062,-8.162142317990462,-8.161521812528372,0.0006205054620895822,0.04386472137525347,,,,,480
fear,mlp,3,0.3,0.05883604004269555,0.017650812012808662,-8.162142317990462,-8.161645538608234,0.0004967793822281408,0.028144845793363103,,,,,480
fear,mlp,4,0.3,0.07728308723086402,0.023184926169259205,-8.162142317990462,-8.161047525207202,0.001094792783259635,0.04722002456540992,,,,,480
fear,mlp,5,0.3,0.09360138575236003,0.02808041572570801,-8.162142317990462,-8.161472897728284,0.0006694202621773115,0.023839399983115208,,,,,480
fear,mlp,6,0.3,0.09779841559273857,0.02933952467782157,-8.162142317990462,-8.15877402946353,0.0033682885269321616,0.11480378649345774,,,,,480
fear,mlp,7,0.3,0.11729521978469122,0.03518856593540737,-8.162142317990462,-8.156579633305471,0.005562684684990771,0.15808216496238334,,,,,480
fear,mlp,8,0.3,0.11951537359328497,0.03585461207798549,-8.162142317990462,-8.156112327675025,0.006029990315436606,0.16817893057442904,,,,,480
fear,mlp,9,0.3,0.1384358179001581,0.04153074537004743,-8.162142317990462,-8.148502451429765,0.01363986656069649,0.3284281666308295,,,,,480
fear,mlp,10,0.3,0.14277108510335287,0.04283132553100586,-8.162142317990462,-8.1433536713322,0.018788646658261854,0.4386660096396185,,,,,480
fear,mlp,11,0.3,0.1538222176688058,0.04614666530064174,-8.162142317990462,-8.143354629476866,0.018787688513596024,0.40712992783326324,,,,,480
fear,mlp,12,0.3,0.16940902528308688,0.05082270758492606,-8.162142317990462,-8.132633555432161,0.029508762558300816,0.5806216150328258,,,,,480
fear,mlp,13,0.3,0.19886348361060732,0.05965904508318219,-8.162142317990462,-8.115612754225731,0.0465295637647305,0.7799247155205828,,,,,480
fear,mlp,14,0.3,0.2291873296101888,0.06875619888305665,-8.162142317990462,-8.082836866130432,0.07930545186003002,1.15342984557532,,,,,480
fear,mlp,15,0.3,0.2604990913754418,0.07814972741263254,-8.162142317990462,-8.056497327486674,0.10564499050378728,1.3518280101730753,,,,,480
fear,mlp,16,0.3,0.29472378322056364,0.08841713496616908,-8.162142317990462,-8.023377411067486,0.13876490692297594,1.569434555599108,,,,,480
fear,mlp,17,0.3,0.3170248667399089,0.09510746002197266,-8.162142317990462,-7.994241712987423,0.16790060500303916,1.7653778679847942,,,,,480
fear,mlp,18,0.3,0.3383351280575707,0.1015005384172712,-8.162142317990462,-7.960978652040164,0.20116366595029778,1.9818975257383267,,,,,480
fear,mlp,19,0.3,0.37498555864606586,0.11249566759381975,-8.162142317990462,-7.924994771679242,0.2371475463112196,2.10805937138372,,,,,480
fear,mlp,20,0.3,0.39758555094401044,0.11927566528320313,-8.162142317990462,-7.8955174890657265,0.26662482892473527,2.235366520837863,,,,,480
fear,mlp,21,0.3,0.43079367138090585,0.12923810141427175,-8.162142317990462,-7.856901734198133,0.30524058379232866,2.3618467035033444,,,,,480
fear,mlp,22,0.3,0.4785931905110677,0.1435779571533203,-8.162142317990462,-7.828337033838034,0.3338052841524277,2.324906209634759,,,,,480
fear,mlp,23,0.3,0.5382461547851562,0.16147384643554688,-8.162142317990462,-7.795662032067776,0.36648028592268567,2.2695953184528133,,,,,480
fear,mlp,24,0.3,0.5975563412620908,0.17926690237862722,-8.162142317990462,-7.784183738629023,0.3779585793614384,2.108356725901121,,,,,480
fear,mlp,25,0.3,0.6637131827218192,0.19911395481654576,-8.162142317990462,-7.7736518626411755,0.3884904553492863,1.9510960731367277,,,,,480
fear,mlp,26,0.3,0.7567894345238095,0.22703683035714284,-8.162142317990462,-7.767163732399543,0.3949785855909189,1.739711503942305,,,,,480
fear,mlp,27,0.3,1.6176143827892484,0.4852843148367745,-8.162142317990462,-7.4549649938941,0.7071773240963619,1.457243315878077,,,,,480
disgust,attention,0,0.3,0.024746809686933244,0.007424042906079973,-0.4825677875154897,-0.4822667820202677,0.0003010054952219954,0.04054468690846126,,,,,475
disgust,attention,1,0.3,0.03355450857253302,0.010066352571759906,-0.4825677875154897,-0.48247585930322345,9.19282122662235e-05,0.009132226554841565,,,,,475
disgust,attention,2,0.3,0.04446781249273391,0.013340343747820173,-0.4825677875154897,-0.4826290079794432,-6.122046395351521e-05,-0.004589121923002824,,,,,475
disgust,attention,3,0.3,0.05272324879964193,0.015816974639892577,-0.4825677875154897,-0.4824087634525801,0.00015902406290957405,0.01005401263706231,,,,,475
disgust,attention,4,0.3,0.07425630660284133,0.022276891980852396,-0.4825677875154897,-0.48232827541075257,0.00023951210473710516,0.010751594295244258,,,,,475
disgust,attention,5,0.3,0.09585160300845191,0.028755480902535574,-0.4825677875154897,-0.4824484995791787,0.00011928793631099666,0.004148354768098425,,,,,475
disgust,attention,6,0.3,0.10027883166358584,0.03008364949907575,-0.4825677875154897,-0.4820952684628336,0.00047251905265605076,0.015706839446808733,,,,,475
disgust,attention,7,0.3,0.12613108044578916,0.037839324133736744,-0.4825677875154897,-0.4800612470664476,0.002506540449042083,0.06624168127800423,,,,,475
disgust,attention,8,0.3,0.13033072153727213,0.039099216461181634,-0.4825677875154897,-0.48097179594792816,0.0015959915675615166,0.040819016645667165,,,,,475
disgust,attention,9,0.3,0.13836706252325148,0.041510118756975446,-0.4825677875154897,-0.4801197971795735,0.0024479903359161947,0.05897333973550315,,,,,475
disgust,attention,10,0.3,0.1499653316679455,0.04498959950038365,-0.4825677875154897,-0.4799823663109227,0.002585421204566951,0.057467086466171005,,,,,475
disgust,attention,11,0.3,0.15608846573602586,0.046826539720807754,-0.4825677875154897,-0.47813326314875954,0.0044345243667301415,0.09470109030412992,,,,,475
disgust,attention,12,0.3,0.1668252490815662,0.050047574724469863,-0.4825677875154897,-0.47418220281600953,0.008385584699480142,0.16755226892903086,,,,,475
disgust,attention,13,0.3,0.19299743289039248,0.05789922986711774,-0.4825677875154897,-0.4576257292220467,0.02494205829344298,0.43078393876199256,,,,,475
disgust,attention,14,0.3,0.21573316483270555,0.06471994944981166,-0.4825677875154897,-0.4449994701460788,0.03756831736941085,0.5804750728142013,,,,,475
disgust,attention,15,0.3,0.25008533114478704,0.07502559934343611,-0.4825677875154897,-0.41721757907616464,0.06535020843932504,0.8710388055706008,,,,,475
disgust,attention,16,0.3,0.2807611737932478,0.08422835213797433,-0.4825677875154897,-0.3995720988198331,0.0829956886956566,0.9853652195367837,,,,,475
disgust,attention,17,0.3,0.29693485441662015,0.08908045632498604,-0.4825677875154897,-0.3703521588915273,0.1122156286239624,1.2597109764971781,,,,,475
disgust,attention,18,0.3,0.3229855128696987,0.0968956538609096,-0.4825677875154897,-0.3406553660882147,0.141912421427275,1.4645901624337603,,,,,475
disgust,attention,19,0.3,0.3499829428536551,0.10499488285609652,-0.4825677875154897,-0.29869883320833507,0.1838689543071546,1.7512182432658265,,,,,475
disgust,attention,20,0.3,0.3824343000139509,0.11473029000418526,-0.4825677875154897,-0.2612168958312587,0.221350891684231,1.9293151937135025,,,,,475
disgust,attention,21,0.3,0.3979862758091518,0.11939588274274554,-0.4825677875154897,-0.2368885824554845,0.24567920506000518,2.057685737701308,,,,,475
disgust,attention,22,0.3,0.44934290931338355,0.13480287279401507,-0.4825677875154897,-0.1882675420924237,0.294300245423066,2.183189714901478,,,,,475
disgust,attention,23,0.3,0.5047627403622582,0.15142882210867745,-0.4825677875154897,-0.14360636372315255,0.3389614237923371,2.2384207911824823,,,,,475
disgust,attention,24,0.3,0.556824457077753,0.1670473371233259,-0.4825677875154897,-0.12042272915965632,0.3621450583558333,2.1679187743559947,,,,,475
disgust,attention,25,0.3,0.6123204912458148,0.18369614737374443,-0.4825677875154897,-0.10005977006335008,0.3825080174521396,2.0822865526618615,,,,,475
disgust,attention,26,0.3,0.7091385977608817,0.2127415793282645,-0.4825677875154897,-0.08609692330423155,0.3964708642112581,1.863626590829692,,,,,475
disgust,attention,27,0.3,0.7923965454101562,0.23771896362304687,-0.4825677875154897,-0.10199323952198029,0.38057454799350937,1.6009431565459367,,,,,475
disgust,mlp,0,0.3,0.028173367182413738,0.008452010154724122,-0.4825677875154897,-0.48224074115878657,0.000327046356703109,0.03869450588867448,,,,,475
disgust,mlp,1,0.3,0.03440512929643903,0.01032153878893171,-0.4825677875154897,-0.48249298516072725,7.480235476242658e-05,0.007247209577184441,,,,,475
disgust,mlp,2,0.3,0.047152962003435404,0.01414588860103062,-0.4825677875154897,-0.48257151726045105,-3.729744961378234e-06,-0.0002636628257560644,,,,,475
disgust,mlp,3,0.3,0.05883604004269555,0.017650812012808662,-0.4825677875154897,-0.48239557328977084,0.00017221422571883638,0.009756731055424855,,,,,475
disgust,mlp,4,0.3,0.07728308723086402,0.023184926169259205,-0.4825677875154897,-0.48226220127783326,0.0003055862376564189,0.013180384333575941,,,,,475
disgust,mlp,5,0.3,0.09360138575236003,0.02808041572570801,-0.4825677875154897,-0.4824843930256994,8.33944897902783e-05,0.0029698452688479786,,,,,475
disgust,mlp,6,0.3,0.09779841559273857,0.02933952467782157,-0.4825677875154897,-0.48199883752747585,0.0005689499880138227,0.019391929292021055,,,,,475
disgust,mlp,7,0.3,0.11729521978469122,0.03518856593540737,-0.4825677875154897,-0.47991688477365596,0.002650902741833716,0.07533420789866091,,,,,475
disgust,mlp,8,0.3,0.11951537359328497,0.03585461207798549,-0.4825677875154897,-0.4808130337062635,0.0017547538092261838,0.04894081144733935,,,,,475
disgust,mlp,9,0.3,0.1384358179001581,0.04153074537004743,-0.4825677875154897,-0.4809202964682328,0.001647491047256866,0.03966919044137985,,,,,475
disgust,mlp,10,0.3,0.14277108510335287,0.04283132553100586,-0.4825677875154897,-0.4786213626987056,0.003946424816784089,0.09213875050229878,,,,,475
disgust,mlp,11,0.3,0.1538222176688058,0.04614666530064174,-0.4825677875154897,-0.47921877867297125,0.0033490088425184306,0.0725731495591266,,,,,475
disgust,mlp,12,0.3,0.16940902528308688,0.05082270758492606,-0.4825677875154897,-0.4668868622654363,0.01568092525005338,0.30854171285247145,,,,,475
disgust,mlp,13,0.3,0.19886348361060732,0.05965904508318219,-0.4825677875154897,-0.4510581507494575,0.03150963676603219,0.5281619362512177,,,,,475
disgust,mlp,14,0.3,0.2291873296101888,0.06875619888305665,-0.4825677875154897,-0.42750604416194715,0.055061743353542525,0.8008258782192684,,,,,475
disgust,mlp,15,0.3,0.2604990913754418,0.07814972741263254,-0.4825677875154897,-0.40515912350855376,0.07740866400693591,0.9905173897564121,,,,,475
disgust,mlp,16,0.3,0.29472378322056364,0.08841713496616908,-0.4825677875154897,-0.3723019404787766,0.11026584703671305,1.2471094780316496,,,,,475
disgust,mlp,17,0.3,0.3170248667399089,0.09510746002197266,-0.4825677875154897,-0.3427815100707506,0.1397862774447391,1.4697719549280812,,,,,475
disgust,mlp,18,0.3,0.3383351280575707,0.1015005384172712,-0.4825677875154897,-0.30387962011914504,0.17868816739634463,1.7604652170587825,,,,,475
disgust,mlp,19,0.3,0.37498555864606586,0.11249566759381975,-0.4825677875154897,-0.2635246480138678,0.21904313950162185,1.9471251132310767,,,,,475
disgust,mlp,20,0.3,0.39758555094401044,0.11927566528320313,-0.4825677875154897,-0.23776518166065216,0.2448026058548375,2.052410315830882,,,,,475
disgust,mlp,21,0.3,0.43079367138090585,0.12923810141427175,-0.4825677875154897,-0.2010471547591059,0.2815206327563838,2.1783098766978286,,,,,475
disgust,mlp,22,0.3,0.4785931905110677,0.1435779571533203,-0.4825677875154897,-0.15863628930167148,0.32393149821381817,2.2561366983924045,,,,,475
disgust,mlp,23,0.3,0.5382461547851562,0.16147384643554688,-0.4825677875154897,-0.13042001482687499,0.3521477726886147,2.180834732447996,,,,,475
disgust,mlp,24,0.3,0.5975563412620908,0.17926690237862722,-0.4825677875154897,-0.1088891379456771,0.37367864956981256,2.0844821024495137,,,,,475
disgust,mlp,25,0.3,0.6637131827218192,0.19911395481654576,-0.4825677875154897,-0.09593566013009924,0.38663212738539043,1.941763086076087,,,,,475
disgust,mlp,26,0.3,0.7567894345238095,0.22703683035714284,-0.4825677875154897,-0.11233459184044285,0.3702331956750468,1.630718659578921,,,,,475
disgust,mlp,27,0.3,1.6176143827892484,0.4852843148367745,-0.4825677875154897,0.18284035444259644,0.6654081419580862,1.3711717473949192,,,,,475
surprise,attention,0,0.3,0.024746809686933244,0.007424042906079973,-1.675437323350212,-1.6750159349763163,0.0004213883738957147,0.05675995939498352,,,,,467
surprise,attention,1,0.3,0.03355450857253302,0.010066352571759906,-1.675437323350212,-1.6753082940997097,0.0001290292505022883,0.012817875152144612,,,,,467
surprise,attention,2,0.3,0.04446781249273391,0.013340343747820173,-1.675437323350212,-1.6754674494138877,-3.0126063675695036e-05,-0.0022582674213786785,,,,,467
surprise,attention,3,0.3,0.05272324879964193,0.015816974639892577,-1.675437323350212,-1.6756539263102432,-0.00021660296003123136,-0.013694335671812295,,,,,467
surprise,attention,4,0.3,0.07425630660284133,0.022276891980852396,-1.675437323350212,-1.67582796076891,-0.00039063741869793667,-0.01753554396339042,,,,,467
surprise,attention,5,0.3,0.09585160300845191,0.028755480902535574,-1.675437323350212,-1.6768543463702885,-0.0014170230200765133,-0.04927836278862456,,,,,467
surprise,attention,6,0.3,0.10027883166358584,0.03008364949907575,-1.675437323350212,-1.6741340490939531,0.0013032742562588684,0.04332168064579094,,,,,467
surprise,attention,7,0.3,0.12613108044578916,0.037839324133736744,-1.675437323350212,-1.6740677698776605,0.0013695534725515213,0.03619392005288108,,,,,467
surprise,attention,8,0.3,0.13033072153727213,0.039099216461181634,-1.675437323350212,-1.6766795219267205,-0.0012421985765085353,-0.03177042122421586,,,,,467
surprise,attention,9,0.3,0.13836706252325148,0.041510118756975446,-1.675437323350212,-1.67705653668471,-0.0016192133344981041,-0.03900767771776149,,,,,467
surprise,attention,10,0.3,0.1499653316679455,0.04498959950038365,-1.675437323350212,-1.6747939339031244,0.0006433894470876389,0.01430084851238012,,,,,467
surprise,attention,11,0.3,0.15608846573602586,0.046826539720807754,-1.675437323350212,-1.6745893950763555,0.0008479282738564908,0.018107856760547845,,,,,467
surprise,attention,12,0.3,0.1668252490815662,0.050047574724469863,-1.675437323350212,-1.6632535008661753,0.01218382248403671,0.24344481328242362,,,,,467
surprise,attention,13,0.3,0.19299743289039248,0.05789922986711774,-1.675437323350212,-1.638048648547054,0.037388674803157995,0.645754268044105,,,,,467
surprise,attention,14,0.3,0.21573316483270555,0.06471994944981166,-1.675437323350212,-1.622329039606854,0.053108283743358076,0.820585989248059,,,,,467
surprise,attention,15,0.3,0.25008533114478704,0.07502559934343611,-1.675437323350212,-1.5779201658303017,0.0975171575199103,1.2997851183236426,,,,,467
surprise,attention,16,0.3,0.2807611737932478,0.08422835213797433,-1.675437323350212,-1.5488387792823912,0.12659854406782078,1.5030395449318528,,,,,467
surprise,attention,17,0.3,0.29693485441662015,0.08908045632498604,-1.675437323350212,-1.5332974209679526,0.14213990238225938,1.5956350949045461,,,,,467
surprise,attention,18,0.3,0.3229855128696987,0.0968956538609096,-1.675437323350212,-1.5021342521401748,0.17330307121003719,1.788553606943071,,,,,467
surprise,attention,19,0.3,0.3499829428536551,0.10499488285609652,-1.675437323350212,-1.4761981918801588,0.19923913147005323,1.8976080171747571,,,,,467
surprise,attention,20,0.3,0.3824343000139509,0.11473029000418526,-1.675437323350212,-1.433070635450984,0.2423666878992281,2.1124908504143654,,,,,467
surprise,attention,21,0.3,0.3979862758091518,0.11939588274274554,-1.675437323350212,-1.411925846874331,0.263511476475881,2.2070398946976413,,,,,467
surprise,attention,22,0.3,0.44934290931338355,0.13480287279401507,-1.675437323350212,-1.3711970800442155,0.3042402433059965,2.256927000145535,,,,,467
surprise,attention,23,0.3,0.5047627403622582,0.15142882210867745,-1.675437323350212,-1.338262386316916,0.33717493703329593,2.2266232566433897,,,,,467
surprise,attention,24,0.3,0.556824457077753,0.1670473371233259,-1.675437323350212,-1.3196493891053842,0.3557879342448278,2.1298629500580457,,,,,467
surprise,attention,25,0.3,0.6123204912458148,0.18369614737374443,-1.675437323350212,-1.3063056042350079,0.36913171911520415,2.0094690302033187,,,,,467
surprise,attention,26,0.3,0.7091385977608817,0.2127415793282645,-1.675437323350212,-1.2963461556832847,0.3790911676669273,1.7819326568126208,,,,,467
surprise,attention,27,0.3,0.7923965454101562,0.23771896362304687,-1.675437323350212,-1.29725933409988,0.3781779892503321,1.5908616775311724,,,,,467
surprise,mlp,0,0.3,0.028173367182413738,0.008452010154724122,-1.675437323350212,-1.6750092818471554,0.000428041503056642,0.05064375163077564,,,,,467
surprise,mlp,1,0.3,0.03440512929643903,0.01032153878893171,-1.675437323350212,-1.675289798280667,0.0001475250695450736,0.014292933695436183,,,,,467
surprise,mlp,2,0.3,0.047152962003435404,0.01414588860103062,-1.675437323350212,-1.675424352511604,1.297083860807291e-05,0.0009169334620044937,,,,,467
surprise,mlp,3,0.3,0.05883604004269555,0.017650812012808662,-1.675437323350212,-1.6755674278455321,-0.00013010449532013801,-0.007371020394173656,,,,,467
surprise,mlp,4,0.3,0.07728308723086402,0.023184926169259205,-1.675437323350212,-1.6751704649955863,0.0002668583546256986,0.011509993720813525,,,,,467
surprise,mlp,5,0.3,0.09360138575236003,0.02808041572570801,-1.675437323350212,-1.6767744378563678,-0.001337114506155812,-0.0476173329916788,,,,,467
surprise,mlp,6,0.3,0.09779841559273857,0.02933952467782157,-1.675437323350212,-1.673677768837461,0.0017595545127508938,0.05997215469823143,,,,,467
surprise,mlp,7,0.3,0.11729521978469122,0.03518856593540737,-1.675437323350212,-1.673632953036776,0.0018043703134360545,0.051277176704165275,,,,,467
surprise,mlp,8,0.3,0.11951537359328497,0.03585461207798549,-1.675437323350212,-1.6761436538344021,-0.0007063304841901097,-0.01969985012398983,,,,,467
surprise,mlp,9,0.3,0.1384358179001581,0.04153074537004743,-1.675437323350212,-1.6745129812197717,0.0009243421304403476,0.02225681533534422,,,,,467
surprise,mlp,10,0.3,0.14277108510335287,0.04283132553100586,-1.675437323350212,-1.671911426797924,0.003525896552287966,0.08232050978052378,,,,,467
surprise,mlp,11,0.3,0.1538222176688058,0.04614666530064174,-1.675437323350212,-1.6724554953789559,0.0029818279712561235,0.06461632605150901,,,,,467
surprise,mlp,12,0.3,0.16940902528308688,0.05082270758492606,-1.675437323350212,-1.6524990059323688,0.022938317417843246,0.45133993263764477,,,,,467
surprise,mlp,13,0.3,0.19886348361060732,0.05965904508318219,-1.675437323350212,-1.6341704367889327,0.0412668865612793,0.691712153685014,,,,,467
surprise,mlp,14,0.3,0.2291873296101888,0.06875619888305665,-1.675437323350212,-1.6002613690859244,0.07517595426428758,1.0933698413455042,,,,,467
surprise,mlp,15,0.3,0.2604990913754418,0.07814972741263254,-1.675437323350212,-1.5606370087736934,0.11480031457651863,1.4689790787160402,,,,,467
surprise,mlp,16,0.3,0.29472378322056364,0.08841713496616908,-1.675437323350212,-1.5348270023341353,0.14061032101607673,1.5903062349835047,,,,,467
surprise,mlp,17,0.3,0.3170248667399089,0.09510746002197266,-1.675437323350212,-1.506146695520689,0.16929062782952298,1.7799931550102566,,,,,467
surprise,mlp,18,0.3,0.3383351280575707,0.1015005384172712,-1.675437323350212,-1.4839317374872703,0.19150558586294175,1.8867445320896485,,,,,467
surprise,mlp,19,0.3,0.37498555864606586,0.11249566759381975,-1.675437323350212,-1.4355485083204265,0.23988881502978554,2.1324271428472725,,,,,467
surprise,mlp,20,0.3,0.39758555094401044,0.11927566528320313,-1.675437323350212,-1.4145398132295628,0.2608975101206492,2.1873490246412386,,,,,467
surprise,mlp,21,0.3,0.43079367138090585,0.12923810141427175,-1.675437323350212,-1.383330887466733,0.29210643588347907,2.260219182167758,,,,,467
surprise,mlp,22,0.3,0.4785931905110677,0.1435779571533203,-1.675437323350212,-1.3525105273825708,0.3229267959676412,2.2491390904998214,,,,,467
surprise,mlp,23,0.3,0.5382461547851562,0.16147384643554688,-1.675437323350212,-1.3294747227072972,0.34596260064291484,2.1425302504390866,,,,,467
surprise,mlp,24,0.3,0.5975563412620908,0.17926690237862722,-1.675437323350212,-1.3142735454586896,0.36116377789152243,2.014670712213866,,,,,467
surprise,mlp,25,0.3,0.6637131827218192,0.19911395481654576,-1.675437323350212,-1.308325928334761,0.367111395015451,1.8437250937720069,,,,,467
surprise,mlp,26,0.3,0.7567894345238095,0.22703683035714284,-1.675437323350212,-1.3071737544694855,0.36826356888072653,1.6220432971224332,,,,,467
surprise,mlp,27,0.3,1.6176143827892484,0.4852843148367745,-1.675437323350212,-1.045606374676784,0.6298309486734279,1.2978596864093408,,,,,467
anger,attention,0,0.5,0.024746809686933244,0.012373404843466622,-1.8761841503583736,-1.8760590396478585,0.00012511071051513056,0.010111259762198054,,,,,478
anger,attention,1,0.5,0.03355450857253302,0.01677725428626651,-1.8761841503583736,-1.8760924309990894,9.17193592842036e-05,0.005466887353509511,,,,,478
anger,attention,2,0.5,0.04446781249273391,0.022233906246366956,-1.8761841503583736,-1.8757311390658302,0.00045301129254338157,0.020374795482345984,,,,,478
anger,attention,3,0.5,0.05272324879964193,0.026361624399820965,-1.8761841503583736,-1.87587315224454,0.000310998113833616,0.01179738050723946,,,,,478
anger,attention,4,0.5,0.07425630660284133,0.03712815330142066,-1.8761841503583736,-1.8745912373003601,0.0015929130580134565,0.042903104958697355,,,,,478
anger,attention,5,0.5,0.09585160300845191,0.04792580150422596,-1.8761841503583736,-1.875514293907826,0.0006698564505476234,0.013976948314334554,,,,,478
anger,attention,6,0.5,0.10027883166358584,0.05013941583179292,-1.8761841503583736,-1.8761539112573886,3.0239100984985612e-05,0.0006031003848635047,,,,,478
anger,attention,7,0.5,0.12613108044578916,0.06306554022289458,-1.8761841503583736,-1.874739562991274,0.0014445873670996257,0.022906128481480912,,,,,478
anger,attention,8,0.5,0.13033072153727213,0.06516536076863606,-1.8761841503583736,-1.8738185912370682,0.0023655591213054272,0.03630086741488532,,,,,478
anger,attention,9,0.5,0.13836706252325148,0.06918353126162574,-1.8761841503583736,-1.8696406503289813,0.006543500029392302,0.09458175826046344,,,,,478
anger,attention,10,0.5,0.1499653316679455,0.07498266583397276,-1.8761841503583736,-1.86851947358712,0.007664676771253598,0.10221931543784785,,,,,478
anger,attention,11,0.5,0.15608846573602586,0.07804423286801293,-1.8761841503583736,-1.8654761520452081,0.01070799831316549,0.13720422278062075,,,,,478
anger,attention,12,0.5,0.1668252490815662,0.0834126245407831,-1.8761841503583736,-1.8468845723874898,0.029299577970883783,0.3512607130178272,,,,,478
anger,attention,13,0.5,0.19299743289039248,0.09649871644519624,-1.8761841503583736,-1.806555054177799,0.06962909618057456,0.7215546356009664,,,,,478
anger,attention,14,0.5,0.21573316483270555,0.10786658241635277,-1.8761841503583736,-1.783109332945307,0.09307481741306667,0.8628698094263192,,,,,478
anger,attention,15,0.5,0.25008533114478704,0.12504266557239352,-1.8761841503583736,-1.7507344862781309,0.12544966408024272,1.0032548770932395,,,,,478
anger,attention,16,0.5,0.2807611737932478,0.1403805868966239,-1.8761841503583736,-1.7027266432051877,0.17345750715318586,1.2356231797272637,,,,,478
anger,attention,17,0.5,0.29693485441662015,0.14846742720831008,-1.8761841503583736,-1.6579870098741982,0.21819714048417538,1.469663377260722,,,,,478
anger,attention,18,0.5,0.3229855128696987,0.16149275643484934,-1.8761841503583736,-1.6092331907926245,0.2669509595657491,1.653021259027457,,,,,478
anger,attention,19,0.5,0.3499829428536551,0.17499147142682756,-1.8761841503583736,-1.5570787687057233,0.31910538165265034,1.8235481938105984,,,,,478
anger,attention,20,0.5,0.3824343000139509,0.19121715000697545,-1.8761841503583736,-1.5006982957842958,0.3754858545740778,1.963662017556377,,,,,478
anger,attention,21,0.5,0.3979862758091518,0.1989931379045759,-1.8761841503583736,-1.452519068065797,0.4236650822925767,2.129043678359094,,,,,478
anger,attention,22,0.5,0.44934290931338355,0.22467145465669178,-1.8761841503583736,-1.371570751507412,0.5046133988509616,2.246005838267411,,,,,478
anger,attention,23,0.5,0.5047627403622582,0.2523813701811291,-1.8761841503583736,-1.3146830881053433,0.5615010622530303,2.22481184665117,,,,,478
anger,attention,24,0.5,0.556824457077753,0.2784122285388765,-1.8761841503583736,-1.2781945471983076,0.597989603160066,2.147856817562756,,,,,478
anger,attention,25,0.5,0.6123204912458148,0.3061602456229074,-1.8761841503583736,-1.2581879918358316,0.617996158522542,2.018538224207325,,,,,478
anger,attention,26,0.5,0.7091385977608817,0.35456929888044086,-1.8761841503583736,-1.2370897590739955,0.6390943912843781,1.802452703328603,,,,,478
anger,attention,27,0.5,0.7923965454101562,0.3961982727050781,-1.8761841503583736,-1.2531412468295715,0.6230429035288021,1.572553305886274,,,,,478
anger,mlp,0,0.5,0.028173367182413738,0.014086683591206869,-1.8761841503583736,-1.8760375802299967,0.00014657012837693273,0.01040487119824457,,,,,478
anger,mlp,1,0.5,0.03440512929643903,0.017202564648219516,-1.8761841503583736,-1.8760663940879092,0.00011775627046439752,0.006845274113042523,,,,,478
anger,mlp,2,0.5,0.047152962003435404,0.023576481001717702,-1.8761841503583736,-1.8766420811851154,-0.00045793082674183694,-0.019423205130081698,,,,,478
anger,mlp,3,0.5,0.05883604004269555,0.029418020021347774,-1.8761841503583736,-1.8757621717004098,0.0004219786579637841,0.014344223630875457,,,,,478
anger,mlp,4,0.5,0.07728308723086402,0.03864154361543201,-1.8761841503583736,-1.8743230429279256,0.0018611074304479835,0.04816338210942292,,,,,478
anger,mlp,5,0.5,0.09360138575236003,0.046800692876180015,-1.8761841503583736,-1.8753320947912946,0.0008520555670790131,0.018206045994517334,,,,,478
anger,mlp,6,0.5,0.09779841559273857,0.04889920779636928,-1.8761841503583736,-1.8764636972022855,-0.0002795468439118487,-0.005716796989349278,,,,,478
anger,mlp,7,0.5,0.11729521978469122,0.05864760989234561,-1.8761841503583736,-1.8745383633355217,0.0016457870228518967,0.028062303406275666,,,,,478
anger,mlp,8,0.5,0.11951537359328497,0.059757686796642485,-1.8761841503583736,-1.8735511028305256,0.002633047527847987,0.04406207249635249,,,,,478
anger,mlp,9,0.5,0.1384358179001581,0.06921790895007905,-1.8761841503583736,-1.8686546634056578,0.007529486952715825,0.10877946281425807,,,,,478
anger,mlp,10,0.5,0.14277108510335287,0.07138554255167644,-1.8761841503583736,-1.866149652827235,0.010034497531138609,0.1405676439858193,,,,,478
anger,mlp,11,0.5,0.1538222176688058,0.0769111088344029,-1.8761841503583736,-1.861841038243541,0.014343112114832524,0.1864894724858881,,,,,478
anger,mlp,12,0.5,0.16940902528308688,0.08470451264154344,-1.8761841503583736,-1.831614515584383,0.04456963477399056,0.5261778078176597,,,,,478
anger,mlp,13,0.5,0.19886348361060732,0.09943174180530366,-1.8761841503583736,-1.7943614714439944,0.08182267891437922,0.822903002892129,,,,,478
anger,mlp,14,0.5,0.2291873296101888,0.1145936648050944,-1.8761841503583736,-1.7667225721179192,0.10946157824045444,0.9552149189628516,,,,,478
anger,mlp,15,0.5,0.2604990913754418,0.1302495456877209,-1.8761841503583736,-1.7194329777335022,0.15675117262487137,1.2034680950111665,,,,,478
anger,mlp,16,0.5,0.29472378322056364,0.14736189161028182,-1.8761841503583736,-1.6621660563985674,0.2140180939598062,1.4523299858677547,,,,,478
anger,mlp,17,0.5,0.3170248667399089,0.15851243336995444,-1.8761841503583736,-1.6132920770652623,0.26289207329311126,1.65849496915831,,,,,478
anger,mlp,18,0.5,0.3383351280575707,0.16916756402878536,-1.8761841503583736,-1.5689436362191225,0.30724051413925113,1.81619044941128,,,,,478
anger,mlp,19,0.5,0.37498555864606586,0.18749277932303293,-1.8761841503583736,-1.5049186262251444,0.3712655241332292,1.9801590518511256,,,,,478
anger,mlp,20,0.5,0.39758555094401044,0.19879277547200522,-1.8761841503583736,-1.454881751294166,0.4213023990642075,2.1193043764487154,,,,,478
anger,mlp,21,0.5,0.43079367138090585,0.21539683569045293,-1.8761841503583736,-1.3876083156553771,0.4885758347029965,2.2682591094566007,,,,,478
anger,mlp,22,0.5,0.4785931905110677,0.23929659525553384,-1.8761841503583736,-1.338273598216318,0.5379105521420555,2.2478821797177915,,,,,478
anger,mlp,23,0.5,0.5382461547851562,0.2691230773925781,-1.8761841503583736,-1.2932500542768874,0.5829340960814862,2.166050201748928,,,,,478
anger,mlp,24,0.5,0.5975563412620908,0.2987781706310454,-1.8761841503583736,-1.2720563262701035,0.6041278240882701,2.021994521260706,,,,,478
anger,mlp,25,0.5,0.6637131827218192,0.3318565913609096,-1.8761841503583736,-1.2654449550676545,0.6107391952907191,1.840370844484784,,,,,478
anger,mlp,26,0.5,0.7567894345238095,0.37839471726190477,-1.8761841503583736,-1.2672460629725557,0.6089380873858179,1.6092668835129198,,,,,478
anger,mlp,27,0.5,1.6176143827892484,0.8088071913946242,-1.8761841503583736,-0.8598915502491357,1.0162926001092378,1.256532596300049,,,,,478
sadness,attention,0,0.5,0.024746809686933244,0.012373404843466622,0.05994866397895653,0.06116996383766958,0.0012212998587130472,0.09870362072230388,,,,,477
sadness,attention,1,0.5,0.03355450857253302,0.01677725428626651,0.05994866397895653,0.05898316457586469,-0.0009654994030918462,-0.05754811762507425,,,,,477
sadness,attention,2,0.5,0.04446781249273391,0.022233906246366956,0.05994866397895653,0.05965446563636732,-0.0002941983425892164,-0.01323196829784639,,,,,477
sadness,attention,3,0.5,0.05272324879964193,0.026361624399820965,0.05994866397895653,0.06024505982109086,0.00029639584213432546,0.011243458962883124,,,,,477
sadness,attention,4,0.5,0.07425630660284133,0.03712815330142066,0.05994866397895653,0.0611998581911283,0.0012511942121717634,0.03369933866664702,,,,,477
sadness,attention,5,0.5,0.09585160300845191,0.04792580150422596,0.05994866397895653,0.059866070247546185,-8.259373141034781e-05,-0.00172336672143219,,,,,477
sadness,attention,6,0.5,0.10027883166358584,0.05013941583179292,0.05994866397895653,0.05918692324146534,-0.00076174073749119,-0.01519245337932672,,,,,477
sadness,attention,7,0.5,0.12613108044578916,0.06306554022289458,0.05994866397895653,0.06356867698003661,0.003620013001080079,0.057400808560201806,,,,,477
sadness,attention,8,0.5,0.13033072153727213,0.06516536076863606,0.05994866397895653,0.06374445251448849,0.0037957885355319534,0.05824856167080192,,,,,477
sadness,attention,9,0.5,0.13836706252325148,0.06918353126162574,0.05994866397895653,0.06723080478624228,0.007282140807285752,0.10525829882472276,,,,,477
sadness,attention,10,0.5,0.1499653316679455,0.07498266583397276,0.05994866397895653,0.07182262822267145,0.011873964243714917,0.15835612286720172,,,,,477
sadness,attention,11,0.5,0.15608846573602586,0.07804423286801293,0.05994866397895653,0.07951759423599802,0.01956893025704149,0.25074152871918326,,,,,477
sadness,attention,12,0.5,0.1668252490815662,0.0834126245407831,0.05994866397895653,0.1039275988717749,0.043978934892818365,0.5272455474808332,,,,,477
sadness,attention,13,0.5,0.19299743289039248,0.09649871644519624,0.05994866397895653,0.15404532178143035,0.09409665780247381,0.9751078695011802,,,,,477
sadness,attention,14,0.5,0.21573316483270555,0.10786658241635277,0.05994866397895653,0.1923870251238721,0.13243836114491556,1.2277978793628457,,,,,477
sadness,attention,15,0.5,0.25008533114478704,0.12504266557239352,0.05994866397895653,0.26611550267887313,0.2061668386999166,1.6487719432097054,,,,,477
sadness,attention,16,0.5,0.2807611737932478,0.1403805868966239,0.05994866397895653,0.30033932904277455,0.240390665063818,1.7124210004966103,,,,,477
sadness,attention,17,0.5,0.29693485441662015,0.14846742720831008,0.05994866397895653,0.34517899517993006,0.2852303312009735,1.9211643696147278,,,,,477
sadness,attention,18,0.5,0.3229855128696987,0.16149275643484934,0.05994866397895653,0.38991218105552083,0.3299635170765643,2.04320939440823,,,,,477
sadness,attention,19,0.5,0.3499829428536551,0.17499147142682756,0.05994866397895653,0.42249603191511687,0.3625473679361603,2.071800213919334,,,,,477
sadness,attention,20,0.5,0.3824343000139509,0.19121715000697545,0.05994866397895653,0.48819033023696273,0.4282416662580062,2.239556787884268,,,,,477
sadness,attention,21,0.5,0.3979862758091518,0.1989931379045759,0.05994866397895653,0.5135080966809511,0.45355943270199456,2.2792717250355237,,,,,477
sadness,attention,22,0.5,0.44934290931338355,0.22467145465669178,0.05994866397895653,0.5682215421329754,0.5082728781540189,2.262293974687096,,,,,477
sadness,attention,23,0.5,0.5047627403622582,0.2523813701811291,0.05994866397895653,0.6251079243309093,0.5651592603519529,2.2393065698405126,,,,,477
sadness,attention,24,0.5,0.556824457077753,0.2784122285388765,0.05994866397895653,0.6540099697917763,0.5940613058128198,2.13374717385974,,,,,477
sadness,attention,25,0.5,0.6123204912458148,0.3061602456229074,0.05994866397895653,0.6747193861307588,0.6147707221518023,2.008003099491256,,,,,477
sadness,attention,26,0.5,0.7091385977608817,0.35456929888044086,0.05994866397895653,0.6877846962126046,0.6278360322336481,1.7707004927275205,,,,,477
sadness,attention,27,0.5,0.7923965454101562,0.3961982727050781,0.05994866397895653,0.6909998770279955,0.631051213049039,1.5927661893639313,,,,,477
sadness,mlp,0,0.5,0.028173367182413738,0.014086683591206869,0.05994866397895653,0.0612298686299434,0.0012812046509868696,0.09095147503608428,,,,,477
sadness,mlp,1,0.5,0.03440512929643903,0.017202564648219516,0.05994866397895653,0.059051134676303504,-0.0008975293026530287,-0.05217415664506304,,,,,477
sadness,mlp,2,0.5,0.047152962003435404,0.023576481001717702,0.05994866397895653,0.05961745483820293,-0.0003312091407536022,-0.014048285693249616,,,,,477
sadness,mlp,3,0.5,0.05883604004269555,0.029418020021347774,0.05994866397895653,0.060390011007181006,0.000441347028224473,0.015002608194032119,,,,,477
sadness,mlp,4,0.5,0.07728308723086402,0.03864154361543201,0.05994866397895653,0.06141752304520997,0.0014688590662534362,0.03801243244503379,,,,,477
sadness,mlp,5,0.5,0.09360138575236003,0.046800692876180015,0.05994866397895653,0.05998667312368157,3.800914472503608e-05,0.0008121491881668586,,,,,477
sadness,mlp,6,0.5,0.09779841559273857,0.04889920779636928,0.05994866397895653,0.05820271335307907,-0.001745950625877464,-0.03570509021635109,,,,,477
sadness,mlp,7,0.5,0.11729521978469122,0.05864760989234561,0.05994866397895653,0.06388922582382427,0.0039405618448677335,0.06719049339096828,,,,,477
sadness,mlp,8,0.5,0.11951537359328497,0.059757686796642485,0.05994866397895653,0.06372277847875839,0.0037741144998018547,0.06315697112984475,,,,,477
sadness,mlp,9,0.5,0.1384358179001581,0.06921790895007905,0.05994866397895653,0.0701118798250922,0.010163215846135672,0.14682928161648928,,,,,477
sadness,mlp,10,0.5,0.14277108510335287,0.07138554255167644,0.05994866397895653,0.07641136640022886,0.016462702421272325,0.2306167584193238,,,,,477
sadness,mlp,11,0.5,0.1538222176688058,0.0769111088344029,0.05994866397895653,0.07938173119626955,0.01943306721731302,0.2526691853988779,,,,,477
sadness,mlp,12,0.5,0.16940902528308688,0.08470451264154344,0.05994866397895653,0.1210468715716708,0.06109820759271426,0.7213099478096585,,,,,477
sadness,mlp,13,0.5,0.19886348361060732,0.09943174180530366,0.05994866397895653,0.16388500492777713,0.1039363409488206,1.0453034318994163,,,,,477
sadness,mlp,14,0.5,0.2291873296101888,0.1145936648050944,0.05994866397895653,0.22711943405479254,0.167170770075836,1.4588133677386694,,,,,477
sadness,mlp,15,0.5,0.2604990913754418,0.1302495456877209,0.05994866397895653,0.28027694274044634,0.2203282787614898,1.6915857755829466,,,,,477
sadness,mlp,16,0.5,0.29472378322056364,0.14736189161028182,0.05994866397895653,0.34238852594883434,0.2824398619698778,1.9166411267088488,,,,,477
sadness,mlp,17,0.5,0.3170248667399089,0.15851243336995444,0.05994866397895653,0.38464025906296895,0.3246915950840124,2.0483667317516354,,,,,477
sadness,mlp,18,0.5,0.3383351280575707,0.16916756402878536,0.05994866397895653,0.41188254015250775,0.3519338761735512,2.080386261953069,,,,,477
sadness,mlp,19,0.5,0.37498555864606586,0.18749277932303293,0.05994866397895653,0.4827836107782848,0.42283494679932826,2.255206564892946,,,,,477
sadness,mlp,20,0.5,0.39758555094401044,0.19879277547200522,0.05994866397895653,0.5107564536280602,0.4508077896491037,2.2677272279071743,,,,,477
sadness,mlp,21,0.5,0.43079367138090585,0.21539683569045293,0.05994866397895653,0.5499197655753769,0.4899711015964204,2.2747367667952116,,,,,477
sadness,mlp,22,0.5,0.4785931905110677,0.23929659525553384,0.05994866397895653,0.5982877478409613,0.5383390838620048,2.24967297711502,,,,,477
sadness,mlp,23,0.5,0.5382461547851562,0.2691230773925781,0.05994866397895653,0.6362312621040664,0.57628259812511,2.1413347517740693,,,,,477
sadness,mlp,24,0.5,0.5975563412620908,0.2987781706310454,0.05994866397895653,0.6601802530528614,0.600231589073905,2.0089539600773505,,,,,477
sadness,mlp,25,0.5,0.6637131827218192,0.3318565913609096,0.05994866397895653,0.6589881340412723,0.5990394700623158,1.8051154795681978,,,,,477
sadness,mlp,26,0.5,0.7567894345238095,0.37839471726190477,0.05994866397895653,0.678746205455852,0.6187975414768955,1.6353228870491778,,,,,477
sadness,mlp,27,0.5,1.6176143827892484,0.8088071913946242,0.05994866397895653,1.1619167386923197,1.101968074713363,1.3624607773494724,,,,,477
happiness,attention,0,0.5,0.024746809686933244,0.012373404843466622,12.8519751003448,12.849353328664252,-0.002621771680548335,-0.2118876504661267,,,,,470
happiness,attention,1,0.5,0.03355450857253302,0.01677725428626651,12.8519751003448,12.850713011812656,-0.0012620885321439346,-0.07522616696446285,,,,,470
happiness,attention,2,0.5,0.04446781249273391,0.022233906246366956,12.8519751003448,12.853548269576216,0.0015731692314151502,0.07075541355546588,,,,,470
happiness,attention,3,0.5,0.05272324879964193,0.026361624399820965,12.8519751003448,12.85180853630634,-0.00016656403846049272,-0.006318428482791977,,,,,470
happiness,attention,4,0.5,0.07425630660284133,0.03712815330142066,12.8519751003448,12.86046783746557,0.008492737120770144,0.22874116716290277,,,,,470
happiness,attention,5,0.5,0.09585160300845191,0.04792580150422596,12.8519751003448,12.861915259919268,0.0099401595744677,0.207407268370696,,,,,470
happiness,attention,6,0.5,0.10027883166358584,0.05013941583179292,12.8519751003448,12.866510461239104,0.014535360894303295,0.2898988879939555,,,,,470
happiness,attention,7,0.5,0.12613108044578916,0.06306554022289458,12.8519751003448,12.87568212341755,0.023707023072748967,0.37591088554796276,,,,,470
happiness,attention,8,0.5,0.13033072153727213,0.06516536076863606,12.8519751003448,12.884926530655394,0.03295143031059311,0.505658680039911,,,,,470
happiness,attention,9,0.5,0.13836706252325148,0.06918353126162574,12.8519751003448,12.901804683817193,0.04982958347239297,0.720252097048306,,,,,470
happiness,attention,10,0.5,0.1499653316679455,0.07498266583397276,12.8519751003448,12.920188369903158,0.06821326955835794,0.909720517397932,,,,,470
happiness,attention,11,0.5,0.15608846573602586,0.07804423286801293,12.8519751003448,12.946793031438869,0.09481793109406844,1.2149255314537193,,,,,470
happiness,attention,12,0.5,0.1668252490815662,0.0834126245407831,12.8519751003448,12.999035729499573,0.14706062915477247,1.7630500174811046,,,,,470
happiness,attention,13,0.5,0.19299743289039248,0.09649871644519624,12.8519751003448,13.036993601474355,0.1850185011295551,1.9173156695263527,,,,,470
happiness,attention,14,0.5,0.21573316483270555,0.10786658241635277,12.8519751003448,13.04684791590305,0.19487281555825042,1.806609713526136,,,,,470
happiness,attention,15,0.5,0.25008533114478704,0.12504266557239352,12.8519751003448,13.0731350873379,0.2211599869930989,1.768676203284056,,,,,470
happiness,attention,16,0.5,0.2807611737932478,0.1403805868966239,12.8519751003448,13.125763849501913,0.27378874915711293,1.9503319882736398,,,,,470
happiness,attention,17,0.5,0.29693485441662015,0.14846742720831008,12.8519751003448,13.159633597160907,0.30765849681610646,2.0722289232131725,,,,,470
happiness,attention,18,0.5,0.3229855128696987,0.16149275643484934,12.8519751003448,13.200217528038836,0.3482424276940357,2.1563965801433724,,,,,470
happiness,attention,19,0.5,0.3499829428536551,0.17499147142682756,12.8519751003448,13.231408922976636,0.3794338226318352,2.1682989435887734,,,,,470
happiness,attention,20,0.5,0.3824343000139509,0.19121715000697545,12.8519751003448,13.270506112753077,0.41853101240827684,2.1887734044410196,,,,,470
happiness,attention,21,0.5,0.3979862758091518,0.1989931379045759,12.8519751003448,13.298823462648595,0.4468483623037951,2.245546590245109,,,,,470
happiness,attention,22,0.5,0.44934290931338355,0.22467145465669178,12.8519751003448,13.356970499931498,0.5049953995866971,2.2477061020428835,,,,,470
happiness,attention,23,0.5,0.5047627403622582,0.2523813701811291,12.8519751003448,13.406834932591053,0.5548598322462528,2.1984975826386903,,,,,470
happiness,attention,24,0.5,0.556824457077753,0.2784122285388765,12.8519751003448,13.42534754327003,0.5733724429252298,2.0594369936059262,,,,,470
happiness,attention,25,0.5,0.6123204912458148,0.3061602456229074,12.8519751003448,13.44602163953984,0.5940465391950394,1.9403124595304801,,,,,470
happiness,attention,26,0.5,0.7091385977608817,0.35456929888044086,12.8519751003448,13.471405244634507,0.6194301442897068,1.74699317240824,,,,,470
happiness,attention,27,0.5,0.7923965454101562,0.3961982727050781,12.8519751003448,13.48044646128695,0.6284713609421502,1.586254671559286,,,,,470
happiness,mlp,0,0.5,0.028173367182413738,0.014086683591206869,12.8519751003448,12.849187332772194,-0.0027877675726060147,-0.19790091504193247,,,,,470
happiness,mlp,1,0.5,0.03440512929643903,0.017202564648219516,12.8519751003448,12.853110408529322,0.0011353081845211221,0.06599644923518004,,,,,470
happiness,mlp,2,0.5,0.047152962003435404,0.023576481001717702,12.8519751003448,12.850255093422343,-0.001720006922457884,-0.07295435321041212,,,,,470
happiness,mlp,3,0.5,0.05883604004269555,0.029418020021347774,12.8519751003448,12.851214015483857,-0.0007610848609438392,-0.025871382927591415,,,,,470
happiness,mlp,4,0.5,0.07728308723086402,0.03864154361543201,12.8519751003448,12.860875960867455,0.008900860522654597,0.23034433125233436,,,,,470
happiness,mlp,5,0.5,0.09360138575236003,0.046800692876180015,12.8519751003448,12.86198886582192,0.010013765477118852,0.21396618002242276,,,,,470
happiness,mlp,6,0.5,0.09779841559273857,0.04889920779636928,12.8519751003448,12.86790112485277,0.015926024507969316,0.325690849109253,,,,,470
happiness,mlp,7,0.5,0.11729521978469122,0.05864760989234561,12.8519751003448,12.87712555464278,0.025150454297978797,0.42884022629643953,,,,,470
happiness,mlp,8,0.5,0.11951537359328497,0.059757686796642485,12.8519751003448,12.89136068618044,0.03938558583563889,0.6590881934514873,,,,,470
happiness,mlp,9,0.5,0.1384358179001581,0.06921790895007905,12.8519751003448,12.904985594495814,0.05301049415101389,0.765849401623008,,,,,470
happiness,mlp,10,0.5,0.14277108510335287,0.07138554255167644,12.8519751003448,12.929103057181582,0.07712795683678131,1.0804422587521543,,,,,470
happiness,mlp,11,0.5,0.1538222176688058,0.0769111088344029,12.8519751003448,12.943309001973335,0.09133390162853416,1.1875254825045487,,,,,470
happiness,mlp,12,0.5,0.16940902528308688,0.08470451264154344,12.8519751003448,12.985683544138645,0.13370844379384472,1.5785279865746755,,,,,470
happiness,mlp,13,0.5,0.19886348361060732,0.09943174180530366,12.8519751003448,13.026836618210407,0.17486151786560633,1.7586086162304286,,,,,470
happiness,mlp,14,0.5,0.2291873296101888,0.1145936648050944,12.8519751003448,13.044514727338832,0.19253962699403182,1.680194339900998,,,,,470
happiness,mlp,15,0.5,0.2604990913754418,0.1302495456877209,12.8519751003448,13.090090991841986,0.23811589149718593,1.828151416881556,,,,,470
happiness,mlp,16,0.5,0.29472378322056364,0.14736189161028182,12.8519751003448,13.149346920784483,0.29737182043968247,2.0179696201655846,,,,,470
happiness,mlp,17,0.5,0.3170248667399089,0.15851243336995444,12.8519751003448,13.19399829443465,0.34202319408984927,2.1577057825590025,,,,,470
happiness,mlp,18,0.5,0.3383351280575707,0.16916756402878536,12.8519751003448,13.219264365003465,0.3672892646586643,2.1711565498227947,,,,,470
happiness,mlp,19,0.5,0.37498555864606586,0.18749277932303293,12.8519751003448,13.264921805199156,0.41294670485435603,2.2024672435138775,,,,,470
happiness,mlp,20,0.5,0.39758555094401044,0.19879277547200522,12.8519751003448,13.296842439631199,0.44486733928639843,2.237844600892181,,,,,470
happiness,mlp,21,0.5,0.43079367138090585,0.21539683569045293,12.8519751003448,13.33906400736342,0.4870889070186202,2.2613559083041324,,,,,470
happiness,mlp,22,0.5,0.4785931905110677,0.23929659525553384,12.8519751003448,13.383877314024783,0.5319022136799827,2.222773847291846,,,,,470
happiness,mlp,23,0.5,0.5382461547851562,0.2691230773925781,12.8519751003448,13.408504057691452,0.5565289573466519,2.067934726143258,,,,,470
happiness,mlp,24,0.5,0.5975563412620908,0.2987781706310454,12.8519751003448,13.431946044526201,0.5799709441814009,1.9411422961605664,,,,,470
happiness,mlp,25,0.5,0.6637131827218192,0.3318565913609096,12.8519751003448,13.438184834033885,0.5862097336890848,1.7664549957712132,,,,,470
happiness,mlp,26,0.5,0.7567894345238095,0.37839471726190477,12.8519751003448,13.464587026200396,0.612611925855596,1.6189758945064197,,,,,470
happiness,mlp,27,0.5,1.6176143827892484,0.8088071913946242,12.8519751003448,13.926705718040466,1.074730617695666,1.3287846956980076,,,,,470
fear,attention,0,0.5,0.024746809686933244,0.012373404843466622,-8.162142317990462,-8.162084228048721,5.808994174039128e-05,0.00469474186574149,,,,,480
fear,attention,1,0.5,0.03355450857253302,0.01677725428626651,-8.162142317990462,-8.162544889003039,-0.0004025710125770132,-0.023995047443880552,,,,,480
fear,attention,2,0.5,0.04446781249273391,0.022233906246366956,-8.162142317990462,-8.161046242217223,0.0010960757732387805,0.04929749010783386,,,,,480
fear,attention,3,0.5,0.05272324879964193,0.026361624399820965,-8.162142317990462,-8.161098680645228,0.0010436373452336056,0.039589265418738515,,,,,480
fear,attention,4,0.5,0.07425630660284133,0.03712815330142066,-8.162142317990462,-8.159659870962303,0.0024824470281590294,0.06686158096810169,,,,,480
fear,attention,5,0.5,0.09585160300845191,0.04792580150422596,-8.162142317990462,-8.163633842766284,-0.0014915247758224837,-0.031121540569143437,,,,,480
fear,attention,6,0.5,0.10027883166358584,0.05013941583179292,-8.162142317990462,-8.15622571433584,0.005916603654622321,0.11800304324388758,,,,,480
fear,attention,7,0.5,0.12613108044578916,0.06306554022289458,-8.162142317990462,-8.153179305046796,0.008963012943665305,0.14212219402207668,,,,,480
fear,attention,8,0.5,0.13033072153727213,0.06516536076863606,-8.162142317990462,-8.153282369424899,0.008859948565563158,0.1359610145798108,,,,,480
fear,attention,9,0.5,0.13836706252325148,0.06918353126162574,-8.162142317990462,-8.140340471516053,0.021801846474408748,0.31513058204506034,,,,,480
fear,attention,10,0.5,0.1499653316679455,0.07498266583397276,-8.162142317990462,-8.13201376274228,0.030128555248181144,0.4018069364843875,,,,,480
fear,attention,11,0.5,0.15608846573602586,0.07804423286801293,-8.162142317990462,-8.132119136552015,0.0300231814384464,0.38469442693121336,,,,,480
fear,attention,12,0.5,0.1668252490815662,0.0834126245407831,-8.162142317990462,-8.115287239849568,0.046855078140893625,0.5617264580613295,,,,,480
fear,attention,13,0.5,0.19299743289039248,0.09649871644519624,-8.162142317990462,-8.096761320779722,0.06538099721073998,0.6775322990733385,,,,,480
fear,attention,14,0.5,0.21573316483270555,0.10786658241635277,-8.162142317990462,-8.06084184795618,0.10130047003428189,0.9391274643640193,,,,,480
fear,attention,15,0.5,0.25008533114478704,0.12504266557239352,-8.162142317990462,-7.999950071424246,0.16219224656621556,1.2970952420421193,,,,,480
fear,attention,16,0.5,0.2807611737932478,0.1403805868966239,-8.162142317990462,-7.967145214602351,0.19499710338811038,1.3890603230751988,,,,,480
fear,attention,17,0.5,0.29693485441662015,0.14846742720831008,-8.162142317990462,-7.925644147023559,0.23649817096690295,1.5929296776664665,,,,,480
fear,attention,18,0.5,0.3229855128696987,0.16149275643484934,-8.162142317990462,-7.8771889494111145,0.2849533685793473,1.764496283734592,,,,,480
fear,attention,19,0.5,0.3499829428536551,0.17499147142682756,-8.162142317990462,-7.813150735696157,0.34899158229430505,1.9943348064264685,,,,,480
fear,attention,20,0.5,0.3824343000139509,0.19121715000697545,-8.162142317990462,-7.762280308331053,0.399862009659409,2.091140933984333,,,,,480
fear,attention,21,0.5,0.3979862758091518,0.1989931379045759,-8.162142317990462,-7.715910061076284,0.4462322569141781,2.242450476499154,,,,,480
fear,attention,22,0.5,0.44934290931338355,0.22467145465669178,-8.162142317990462,-7.638319125771522,0.5238231922189396,2.3315075474067912,,,,,480
fear,attention,23,0.5,0.5047627403622582,0.2523813701811291,-8.162142317990462,-7.581720912332336,0.580421405658126,2.2997791209452947,,,,,480
fear,attention,24,0.5,0.556824457077753,0.2784122285388765,-8.162142317990462,-7.5317106372366345,0.6304316807538273,2.264382150390338,,,,,480
fear,attention,25,0.5,0.6123204912458148,0.3061602456229074,-8.162142317990462,-7.515308457985521,0.646833860004941,2.1127297526460564,,,,,480
fear,attention,26,0.5,0.7091385977608817,0.35456929888044086,-8.162142317990462,-7.483886302510897,0.6782560154795645,1.9129011384267347,,,,,480
fear,attention,27,0.5,0.7923965454101562,0.3961982727050781,-8.162142317990462,-7.487765249361595,0.6743770686288668,1.7021201632821334,,,,,480
fear,mlp,0,0.5,0.028173367182413738,0.014086683591206869,-8.162142317990462,-8.162135443836451,6.874154010461098e-06,0.0004879895232936199,,,,,480
fear,mlp,1,0.5,0.03440512929643903,0.017202564648219516,-8.162142317990462,-8.162473057707151,-0.0003307397166896209,-0.019226186528172866,,,,,480
fear,mlp,2,0.5,0.047152962003435404,0.023576481001717702,-8.162142317990462,-8.161123538017273,0.001018779973188444,0.04321170632352721,,,,,480
fear,mlp,3,0.5,0.05883604004269555,0.029418020021347774,-8.162142317990462,-8.161324717104435,0.0008176008860267814,0.02779251919175638,,,,,480
fear,mlp,4,0.5,0.07728308723086402,0.03864154361543201,-8.162142317990462,-8.160328225046396,0.0018140929440662035,0.046946699700208705,,,,,480
fear,mlp,5,0.5,0.09360138575236003,0.046800692876180015,-8.162142317990462,-8.161028847346703,0.0011134706437587738,0.023791755534574428,,,,,480
fear,mlp,6,0.5,0.09779841559273857,0.04889920779636928,-8.162142317990462,-8.156534504642089,0.005607813348373014,0.11468106746689236,,,,,480
fear,mlp,7,0.5,0.11729521978469122,0.05864760989234561,-8.162142317990462,-8.152858986208836,0.009283331781626103,0.1582900274822234,,,,,480
fear,mlp,8,0.5,0.11951537359328497,0.059757686796642485,-8.162142317990462,-8.152079598108928,0.01006271988153351,0.16839205834351154,,,,,480
fear,mlp,9,0.5,0.1384358179001581,0.06921790895007905,-8.162142317990462,-8.13937219257156,0.022770125418901443,0.328962919629999,,,,,480
fear,mlp,10,0.5,0.14277108510335287,0.07138554255167644,-8.162142317990462,-8.130772995452086,0.03136932253837621,0.43943523320100514,,,,,480
fear,mlp,11,0.5,0.1538222176688058,0.0769111088344029,-8.162142317990462,-8.130703287571668,0.03143903041879348,0.4087709941418836,,,,,480
fear,mlp,12,0.5,0.16940902528308688,0.08470451264154344,-8.162142317990462,-8.11269478648901,0.049447531501451536,0.5837650198249288,,,,,480
fear,mlp,13,0.5,0.19886348361060732,0.09943174180530366,-8.162142317990462,-8.084310382852951,0.0778319351375103,0.7827674917926336,,,,,480
fear,mlp,14,0.5,0.2291873296101888,0.1145936648050944,-8.162142317990462,-8.029655282447736,0.13248703554272545,1.1561462474218345,,,,,480
fear,mlp,15,0.5,0.2604990913754418,0.1302495456877209,-8.162142317990462,-7.98569089670976,0.17645142128070201,1.3547181324052535,,,,,480
fear,mlp,16,0.5,0.29472378322056364,0.14736189161028182,-8.162142317990462,-7.930436053002874,0.2317062649875874,1.5723621789571318,,,,,480
fear,mlp,17,0.5,0.3170248667399089,0.15851243336995444,-8.162142317990462,-7.881953792646527,0.28018852534393446,1.7676122900088125,,,,,480
fear,mlp,18,0.5,0.3383351280575707,0.16916756402878536,-8.162142317990462,-7.826465043798089,0.33567727419237237,1.984288631922689,,,,,480
fear,mlp,19,0.5,0.37498555864606586,0.18749277932303293,-8.162142317990462,-7.766477709760268,0.39566460823019334,2.1102925118438796,,,,,480
fear,mlp,20,0.5,0.39758555094401044,0.19879277547200522,-8.162142317990462,-7.7173853736370805,0.4447569443533812,2.2372892742071184,,,,,480
fear,mlp,21,0.5,0.43079367138090585,0.21539683569045293,-8.162142317990462,-7.653106121718883,0.5090361962715786,2.363248255898778,,,,,480
fear,mlp,22,0.5,0.4785931905110677,0.23929659525553384,-8.162142317990462,-7.605479326595863,0.5566629913945986,2.3262470191026487,,,,,480
fear,mlp,23,0.5,0.5382461547851562,0.2691230773925781,-8.162142317990462,-7.551017275949319,0.6111250420411425,2.270801329867656,,,,,480
fear,mlp,24,0.5,0.5975563412620908,0.2987781706310454,-8.162142317990462,-7.531884410604834,0.6302579073856274,2.109450988519235,,,,,480
fear,mlp,25,0.5,0.6637131827218192,0.3318565913609096,-8.162142317990462,-7.514427561561266,0.6477147564291954,1.95179114500328,,,,,480
fear,mlp,26,0.5,0.7567894345238095,0.37839471726190477,-8.162142317990462,-7.503607958555222,0.6585343594352402,1.7403370855715135,,,,,480
fear,mlp,27,0.5,1.6176143827892484,0.8088071913946242,-8.162142317990462,-6.982746808324009,1.1793955096664526,1.4581911761106177,,,,,480
disgust,attention,0,0.5,0.024746809686933244,0.012373404843466622,-0.4825677875154897,-0.4820674650920065,0.0005003224234831904,0.04043530700018836,,,,,475
disgust,attention,1,0.5,0.03355450857253302,0.01677725428626651,-0.4825677875154897,-0.4824172697255486,0.00015051778994107368,0.00897153892841001,,,,,475
disgust,attention,2,0.5,0.04446781249273391,0.022233906246366956,-0.4825677875154897,-0.4826742309959311,-0.00010644348044142049,-0.004787439474735281,,,,,475
disgust,attention,3,0.5,0.05272324879964193,0.026361624399820965,-0.4825677875154897,-0.4823089005445179,0.00025888697097176117,0.00982060009069545,,,,,475
disgust,attention,4,0.5,0.07425630660284133,0.03712815330142066,-0.4825677875154897,-0.48217585921287537,0.00039192830261430833,0.010556094708844882,,,,,475
disgust,attention,5,0.5,0.09585160300845191,0.04792580150422596,-0.4825677875154897,-0.4823711990996411,0.00019658841584857534,0.004101932772709931,,,,,475
disgust,attention,6,0.5,0.10027883166358584,0.05013941583179292,-0.4825677875154897,-0.48178494453430176,0.0007828429811879145,0.015613324730670702,,,,,475
disgust,attention,7,0.5,0.12613108044578916,0.06306554022289458,-0.4825677875154897,-0.4783928182877992,0.00417496922769045,0.06620048306784848,,,,,475
disgust,attention,8,0.5,0.13033072153727213,0.06516536076863606,-0.4825677875154897,-0.4798980313539505,0.002669756161539194,0.040968946232307846,,,,,475
disgust,attention,9,0.5,0.13836706252325148,0.06918353126162574,-0.4825677875154897,-0.47849071057219256,0.00407707694329712,0.058931321789273364,,,,,475
disgust,attention,10,0.5,0.1499653316679455,0.07498266583397276,-0.4825677875154897,-0.4782598641044215,0.004307923411068171,0.057452257307132965,,,,,475
disgust,attention,11,0.5,0.15608846573602586,0.07804423286801293,-0.4825677875154897,-0.4751741382950231,0.0073936492204665916,0.09473665059877781,,,,,475
disgust,attention,12,0.5,0.1668252490815662,0.0834126245407831,-0.4825677875154897,-0.46845879567296883,0.014108991842520846,0.16914695971018762,,,,,475
disgust,attention,13,0.5,0.19299743289039248,0.09649871644519624,-0.4825677875154897,-0.44077526026650476,0.04179252724898491,0.43308894448062235,,,,,475
disgust,attention,14,0.5,0.21573316483270555,0.10786658241635277,-0.4825677875154897,-0.4197230601624439,0.0628447273530458,0.5826153563526495,,,,,475
disgust,attention,15,0.5,0.25008533114478704,0.12504266557239352,-0.4825677875154897,-0.37331530771757426,0.10925247979791541,0.8737216157205449,,,,,475
disgust,attention,16,0.5,0.2807611737932478,0.1403805868966239,-0.4825677875154897,-0.3438138116660871,0.13875397584940258,0.9884128490756408,,,,,475
disgust,attention,17,0.5,0.29693485441662015,0.14846742720831008,-0.4825677875154897,-0.2950076984731775,0.1875600890423122,1.2633080034393833,,,,,475
disgust,attention,18,0.5,0.3229855128696987,0.16149275643484934,-0.4825677875154897,-0.2455259050193586,0.2370418824961311,1.4678174286520422,,,,,475
disgust,attention,19,0.5,0.3499829428536551,0.17499147142682756,-0.4825677875154897,-0.1755531532513468,0.3070146342641429,1.7544548414893502,,,,,475
disgust,attention,20,0.5,0.3824343000139509,0.19121715000697545,-0.4825677875154897,-0.11320012374928123,0.36936766376620844,1.931665981595972,,,,,475
disgust,attention,21,0.5,0.3979862758091518,0.1989931379045759,-0.4825677875154897,-0.07272345494282872,0.40984433257266095,2.059590279787414,,,,,475
disgust,attention,22,0.5,0.44934290931338355,0.22467145465669178,-0.4825677875154897,0.008397331488759895,0.49096511900424955,2.1852581128050583,,,,,475
disgust,attention,23,0.5,0.5047627403622582,0.2523813701811291,-0.4825677875154897,0.08277364012442137,0.565341427639911,2.2400283635601816,,,,,475
disgust,attention,24,0.5,0.556824457077753,0.2784122285388765,-0.4825677875154897,0.12129203680314515,0.6038598243186348,2.1689414559400864,,,,,475
disgust,attention,25,0.5,0.6123204912458148,0.3061602456229074,-0.4825677875154897,0.15521468344487643,0.6377824709603661,2.0831655320328966,,,,,475
disgust,attention,26,0.5,0.7091385977608817,0.35456929888044086,-0.4825677875154897,0.17865132849467427,0.6612191160101639,1.8648515765408216,,,,,475
disgust,attention,27,0.5,0.7923965454101562,0.3961982727050781,-0.4825677875154897,0.151642331230013,0.6342101187455027,1.600739231939044,,,,,475
disgust,mlp,0,0.5,0.028173367182413738,0.014086683591206869,-0.4825677875154897,-0.48202619160476484,0.0005415959107248347,0.038447368198353475,,,,,475
disgust,mlp,1,0.5,0.03440512929643903,0.017202564648219516,-0.4825677875154897,-0.48244504043930453,0.0001227470761851479,0.007135393977307469,,,,,475
disgust,mlp,2,0.5,0.047152962003435404,0.023576481001717702,-0.4825677875154897,-0.4825782281474063,-1.0440631916630583e-05,-0.0004428409785103177,,,,,475
disgust,mlp,3,0.5,0.05883604004269555,0.029418020021347774,-0.4825677875154897,-0.48228363156318665,0.0002841559523030224,0.009659248042418182,,,,,475
disgust,mlp,4,0.5,0.07728308723086402,0.03864154361543201,-0.4825677875154897,-0.482061819183199,0.0005059683322906627,0.013093895454233293,,,,,475
disgust,mlp,5,0.5,0.09360138575236003,0.046800692876180015,-0.4825677875154897,-0.4824342237020794,0.00013356381341028678,0.0028538853850658755,,,,,475
disgust,mlp,6,0.5,0.09779841559273857,0.04889920779636928,-0.4825677875154897,-0.48162147650593207,0.0009463110095576099,0.01935227690187391,,,,,475
disgust,mlp,7,0.5,0.11729521978469122,0.05864760989234561,-0.4825677875154897,-0.47815202687916003,0.0044157606363296464,0.07529310477332801,,,,,475
disgust,mlp,8,0.5,0.11951537359328497,0.059757686796642485,-0.4825677875154897,-0.47964313886667553,0.002924648648814143,0.04894179821194929,,,,,475
disgust,mlp,9,0.5,0.1384358179001581,0.06921790895007905,-0.4825677875154897,-0.47982353709245984,0.002744250423029837,0.03964653750244073,,,,,475
disgust,mlp,10,0.5,0.14277108510335287,0.07138554255167644,-0.4825677875154897,-0.47597973977264607,0.006588047742843606,0.09228826324426234,,,,,475
disgust,mlp,11,0.5,0.1538222176688058,0.0769111088344029,-0.4825677875154897,-0.47696906463096017,0.005598722884529506,0.07279472327702492,,,,,475
disgust,mlp,12,0.5,0.16940902528308688,0.08470451264154344,-0.4825677875154897,-0.45630881089913217,0.02625897661635751,0.3100068201499664,,,,,475
disgust,mlp,13,0.5,0.19886348361060732,0.09943174180530366,-0.4825677875154897,-0.4299195200518558,0.05264826746363388,0.5294915537809238,,,,,475
disgust,mlp,14,0.5,0.2291873296101888,0.1145936648050944,-0.4825677875154897,-0.39057496692004956,0.09199282059544012,0.8027740517061329,,,,,475
disgust,mlp,15,0.5,0.2604990913754418,0.1302495456877209,-0.4825677875154897,-0.353217063483439,0.12935072403205067,0.9930992338520305,,,,,475
disgust,mlp,16,0.5,0.29472378322056364,0.14736189161028182,-0.4825677875154897,-0.29829274547727486,0.18427504203821482,1.250493190773872,,,,,475
disgust,mlp,17,0.5,0.3170248667399089,0.15851243336995444,-0.4825677875154897,-0.24906579011364988,0.2335019974018398,1.4730831672797942,,,,,475
disgust,mlp,18,0.5,0.3383351280575707,0.16916756402878536,-0.4825677875154897,-0.18422498690454583,0.29834280061094387,1.7635934070681434,,,,,475
disgust,mlp,19,0.5,0.37498555864606586,0.18749277932303293,-0.4825677875154897,-0.11706142394166244,0.36550636357382726,1.9494423459587913,,,,,475
disgust,mlp,20,0.5,0.39758555094401044,0.19879277547200522,-0.4825677875154897,-0.07418519358885915,0.4083825939266305,2.054313055175089,,,,,475
disgust,mlp,21,0.5,0.43079367138090585,0.21539683569045293,-0.4825677875154897,-0.01296090000554135,0.46960688750994833,2.180193994051152,,,,,475
disgust,mlp,22,0.5,0.4785931905110677,0.23929659525553384,-0.4825677875154897,0.05770547402532477,0.5402732615408145,2.2577557401678927,,,,,475
disgust,mlp,23,0.5,0.5382461547851562,0.2691230773925781,-0.4825677875154897,0.104652517877127,0.5872203053926167,2.181976778364571,,,,,475
disgust,mlp,24,0.5,0.5975563412620908,0.2987781706310454,-0.4825677875154897,0.14054110683892904,0.6231088943544187,2.0855234940302325,,,,,475
disgust,mlp,25,0.5,0.6637131827218192,0.3318565913609096,-0.4825677875154897,0.16199492275714875,0.6445627102726385,1.9422929272832983,,,,,475
disgust,mlp,26,0.5,0.7567894345238095,0.37839471726190477,-0.4825677875154897,0.13443076792516206,0.6169985554406517,1.6305686292485897,,,,,475
disgust,mlp,27,0.5,1.6176143827892484,0.8088071913946242,-0.4825677875154897,0.6264593748983583,1.109027162413848,1.3711885529869674,,,,,475
surprise,attention,0,0.5,0.024746809686933244,0.012373404843466622,-1.675437323350212,-1.6747271378367055,0.0007101855135065449,0.05739612681318962,,,,,467
surprise,attention,1,0.5,0.03355450857253302,0.01677725428626651,-1.675437323350212,-1.6752229343134535,0.00021438903675852217,0.012778553218569043,,,,,467
surprise,attention,2,0.5,0.04446781249273391,0.022233906246366956,-1.675437323350212,-1.6754827078838674,-4.538453365543482e-05,-0.0020412307739604103,,,,,467
surprise,attention,3,0.5,0.05272324879964193,0.026361624399820965,-1.675437323350212,-1.675787552584928,-0.0003502292347159486,-0.013285571078780986,,,,,467
surprise,attention,4,0.5,0.07425630660284133,0.03712815330142066,-1.675437323350212,-1.676087867779701,-0.0006505444294890861,-0.01752159403694861,,,,,467
surprise,attention,5,0.5,0.09585160300845191,0.04792580150422596,-1.675437323350212,-1.6778065190197824,-0.0023691956695703897,-0.049434659311049414,,,,,467
surprise,attention,6,0.5,0.10027883166358584,0.05013941583179292,-1.675437323350212,-1.6732616179185966,0.0021757054316153823,0.04339311488818321,,,,,467
surprise,attention,7,0.5,0.12613108044578916,0.06306554022289458,-1.675437323350212,-1.6731616143113286,0.002275709038883411,0.03608482589446311,,,,,467
surprise,attention,8,0.5,0.13033072153727213,0.06516536076863606,-1.675437323350212,-1.6774937873606508,-0.0020564640104387966,-0.03155762488203039,,,,,467
surprise,attention,9,0.5,0.13836706252325148,0.06918353126162574,-1.675437323350212,-1.6781047844274142,-0.002667461077202171,-0.038556301312733667,,,,,467
surprise,attention,10,0.5,0.1499653316679455,0.07498266583397276,-1.675437323350212,-1.6743499338626862,0.0010873894875258472,0.014501878206538482,,,,,467
surprise,attention,11,0.5,0.15608846573602586,0.07804423286801293,-1.675437323350212,-1.6739954245167064,0.0014418988335056504,0.018475405299250812,,,,,467
surprise,attention,12,0.5,0.1668252490815662,0.0834126245407831,-1.675437323350212,-1.6549911108466235,0.020446212503588468,0.2451213184593138,,,,,467
surprise,attention,13,0.5,0.19299743289039248,0.09649871644519624,-1.675437323350212,-1.6129398629930851,0.06249746035712689,0.6476506906972237,,,,,467
surprise,attention,14,0.5,0.21573316483270555,0.10786658241635277,-1.675437323350212,-1.5865930137593436,0.08884430959086842,0.8236499905776143,,,,,467
surprise,attention,15,0.5,0.25008533114478704,0.12504266557239352,-1.675437323350212,-1.5121839976285203,0.1632533257216917,1.3055809788953685,,,,,467
surprise,attention,16,0.5,0.2807611737932478,0.1403805868966239,-1.675437323350212,-1.4640182318600647,0.21141909149014726,1.506042225381463,,,,,467
surprise,attention,17,0.5,0.29693485441662015,0.14846742720831008,-1.675437323350212,-1.4383544571522215,0.23708286619799046,1.5968678831171956,,,,,467
surprise,attention,18,0.5,0.3229855128696987,0.16149275643484934,-1.675437323350212,-1.3864714577634534,0.28896586558675863,1.7893425808440857,,,,,467
surprise,attention,19,0.5,0.3499829428536551,0.17499147142682756,-1.675437323350212,-1.3431793047669613,0.33225801858325066,1.8987097821060606,,,,,467
surprise,attention,20,0.5,0.3824343000139509,0.19121715000697545,-1.675437323350212,-1.2713778717104323,0.40405945163977974,2.113092113469111,,,,,467
surprise,attention,21,0.5,0.3979862758091518,0.1989931379045759,-1.675437323350212,-1.2361773232065891,0.4392600001436229,2.2074128021151327,,,,,467
surprise,attention,22,0.5,0.44934290931338355,0.22467145465669178,-1.675437323350212,-1.168356661176273,0.507080662173939,2.2569874884585643,,,,,467
surprise,attention,23,0.5,0.5047627403622582,0.2523813701811291,-1.675437323350212,-1.1134702797492515,0.5619670436009605,2.22665818478459,,,,,467
surprise,attention,24,0.5,0.556824457077753,0.2784122285388765,-1.675437323350212,-1.0824103130773508,0.5930270102728612,2.1300321950120558,,,,,467
surprise,attention,25,0.5,0.6123204912458148,0.3061602456229074,-1.675437323350212,-1.0601467890964076,0.6152905342538044,2.009700942726731,,,,,467
surprise,attention,26,0.5,0.7091385977608817,0.35456929888044086,-1.675437323350212,-1.0434116012151542,0.6320257221350578,1.7825167721251973,,,,,467
surprise,attention,27,0.5,0.7923965454101562,0.3961982727050781,-1.675437323350212,-1.0449756731695996,0.6304616501806124,1.5912781392914228,,,,,467
surprise,mlp,0,0.5,0.028173367182413738,0.014086683591206869,-1.675437323350212,-1.6747225580429879,0.0007147653072241411,0.0507404956316552,,,,,467
surprise,mlp,1,0.5,0.03440512929643903,0.017202564648219516,-1.675437323350212,-1.675186201579055,0.0002511217711569369,0.014597926314604973,,,,,467
surprise,mlp,2,0.5,0.047152962003435404,0.023576481001717702,-1.675437323350212,-1.6754185832414688,1.8740108743253714e-05,0.0007948645407212541,,,,,467
surprise,mlp,3,0.5,0.05883604004269555,0.029418020021347774,-1.675437323350212,-1.6756488872289148,-0.0002115638787028029,-0.007191642352179968,,,,,467
surprise,mlp,4,0.5,0.07728308723086402,0.03864154361543201,-1.675437323350212,-1.6749926349846147,0.00044468836559730107,0.011508038343988641,,,,,467
surprise,mlp,5,0.5,0.09360138575236003,0.046800692876180015,-1.675437323350212,-1.677660034797942,-0.002222711447730008,-0.04749313121518536,,,,,467
surprise,mlp,6,0.5,0.09779841559273857,0.04889920779636928,-1.675437323350212,-1.6725045819736906,0.0029327413765214416,0.059975232906312945,,,,,467
surprise,mlp,7,0.5,0.11729521978469122,0.05864760989234561,-1.675437323350212,-1.6724323343796699,0.003004988970542133,0.05123804663238849,,,,,467
surprise,mlp,8,0.5,0.11951537359328497,0.059757686796642485,-1.675437323350212,-1.6765846260354658,-0.0011473026852537593,-0.01919924861144761,,,,,467
surprise,mlp,9,0.5,0.1384358179001581,0.06921790895007905,-1.675437323350212,-1.6738719103550759,0.0015654129951361284,0.022615722128576966,,,,,467
surprise,mlp,10,0.5,0.14277108510335287,0.07138554255167644,-1.675437323350212,-1.669538601148052,0.005898722202160034,0.08263188863333093,,,,,467
surprise,mlp,11,0.5,0.1538222176688058,0.0769111088344029,-1.675437323350212,-1.6704050016288328,0.00503232172137924,0.06543036237085488,,,,,467
surprise,mlp,12,0.5,0.16940902528308688,0.08470451264154344,-1.675437323350212,-1.6371608807902776,0.038276442559934454,0.45188197613407577,,,,,467
surprise,mlp,13,0.5,0.19886348361060732,0.09943174180530366,-1.675437323350212,-1.606501337419996,0.0689359859302161,0.6932995910420537,,,,,467
surprise,mlp,14,0.5,0.2291873296101888,0.1145936648050944,-1.675437323350212,-1.5498280784462197,0.12560924490399228,1.0961273043988393,,,,,467
surprise,mlp,15,0.5,0.2604990913754418,0.1302495456877209,-1.675437323350212,-1.4837306266933743,0.1917066966568377,1.471841576449434,,,,,467
surprise,mlp,16,0.5,0.29472378322056364,0.14736189161028182,-1.675437323350212,-1.4408883251074294,0.23454899824278264,1.5916530093348609,,,,,467
surprise,mlp,17,0.5,0.3170248667399089,0.15851243336995444,-1.675437323350212,-1.3931826368389089,0.28225468651130314,1.7806469846598398,,,,,467
surprise,mlp,18,0.5,0.3383351280575707,0.16916756402878536,-1.675437323350212,-1.3560974618671282,0.3193398614830838,1.887713305540921,,,,,467
surprise,mlp,19,0.5,0.37498555864606586,0.18749277932303293,-1.675437323350212,-1.2755107952070441,0.39992652814316787,2.133023626761279,,,,,467
surprise,mlp,20,0.5,0.39758555094401044,0.19879277547200522,-1.675437323350212,-1.240546003813662,0.43489131953655,2.1876615913428563,,,,,467
surprise,mlp,21,0.5,0.43079367138090585,0.21539683569045293,-1.675437323350212,-1.18860818621178,0.4868291371384319,2.2601499022857268,,,,,467
surprise,mlp,22,0.5,0.4785931905110677,0.23929659525553384,-1.675437323350212,-1.1372550477052399,0.5381822756449721,2.249017688990819,,,,,467
surprise,mlp,23,0.5,0.5382461547851562,0.2691230773925781,-1.675437323350212,-1.0988329946994781,0.5766043286507339,2.1425302290580728,,,,,467
surprise,mlp,24,0.5,0.5975563412620908,0.2987781706310454,-1.675437323350212,-1.0734623487424544,0.6019749746077576,2.014789009974639,,,,,467
surprise,mlp,25,0.5,0.6637131827218192,0.3318565913609096,-1.675437323350212,-1.0634634145705042,0.6119739087797078,1.844091468155163,,,,,467
surprise,mlp,26,0.5,0.7567894345238095,0.37839471726190477,-1.675437323350212,-1.061538384736733,0.613898938613479,1.6223771384962826,,,,,467
surprise,mlp,27,0.5,1.6176143827892484,0.8088071913946242,-1.675437323350212,-0.6253353101410754,1.0501020132091368,1.2983341696040667,,,,,467
anger,attention,0,0.7,0.024746809686933244,0.01732276678085327,-1.8761841503583736,-1.8760007670983112,0.00018338326006239747,0.010586256940495769,,,,,478
anger,attention,1,0.7,0.03355450857253302,0.02348815600077311,-1.8761841503583736,-1.8760438837017475,0.00014026665662614235,0.005971803687846993,,,,,478
anger,attention,2,0.7,0.04446781249273391,0.031127468744913737,-1.8761841503583736,-1.8755427605188042,0.0006413898395694062,0.02060526812589636,,,,,478
anger,attention,3,0.7,0.05272324879964193,0.03690627415974935,-1.8761841503583736,-1.8757353401021977,0.0004488102561759355,0.012160811850940405,,,,,478
anger,attention,4,0.7,0.07425630660284133,0.05197941462198893,-1.8761841503583736,-1.8739506169280746,0.002233533430298973,0.04296957644756003,,,,,478
anger,attention,5,0.7,0.09585160300845191,0.06709612210591634,-1.8761841503583736,-1.8752265475908583,0.0009576027675153309,0.014272103028602488,,,,,478
anger,attention,6,0.7,0.10027883166358584,0.07019518216451008,-1.8761841503583736,-1.8761322216197038,5.192873866977088e-05,0.0007397763930303678,,,,,478
anger,attention,7,0.7,0.12613108044578916,0.08829175631205241,-1.8761841503583736,-1.8741685836010897,0.002015566757283871,0.02282848185916914,,,,,478
anger,attention,8,0.7,0.13033072153727213,0.09123150507609049,-1.8761841503583736,-1.872856288774243,0.0033278615841305648,0.03647710932045902,,,,,478
anger,attention,9,0.7,0.13836706252325148,0.09685694376627603,-1.8761841503583736,-1.8670083817453065,0.009175768613067126,0.09473526890554207,,,,,478
anger,attention,10,0.7,0.1499653316679455,0.10497573216756186,-1.8761841503583736,-1.865391467810924,0.010792682547449584,0.1028112147884079,,,,,478
anger,attention,11,0.7,0.15608846573602586,0.1092619260152181,-1.8761841503583736,-1.8611455948781768,0.015038555480196836,0.1376376568549803,,,,,478
anger,attention,12,0.7,0.1668252490815662,0.11677767435709634,-1.8761841503583736,-1.8349531900496163,0.04123096030875728,0.3530722848844931,,,,,478
anger,attention,13,0.7,0.19299743289039248,0.13509820302327472,-1.8761841503583736,-1.7783488764361357,0.0978352739222379,0.7241789434118738,,,,,478
anger,attention,14,0.7,0.21573316483270555,0.15101321538289386,-1.8761841503583736,-1.745451267419001,0.13073288293937257,0.8657049160094994,,,,,478
anger,attention,15,0.7,0.25008533114478704,0.17505973180135093,-1.8761841503583736,-1.6999950704464852,0.17618907991188837,1.0064512158159762,,,,,478
anger,attention,16,0.7,0.2807611737932478,0.19653282165527344,-1.8761841503583736,-1.632859379021942,0.2433247713364317,1.2380872023668048,,,,,478
anger,attention,17,0.7,0.29693485441662015,0.20785439809163408,-1.8761841503583736,-1.5701152661106077,0.3060688842477659,1.4725157949885346,,,,,478
anger,attention,18,0.7,0.3229855128696987,0.22608985900878906,-1.8761841503583736,-1.501797684004616,0.3743864663537575,1.6559188810817187,,,,,478
anger,attention,19,0.7,0.3499829428536551,0.24498805999755857,-1.8761841503583736,-1.428862747599889,0.44732140275848464,1.8258906281511942,,,,,478
anger,attention,20,0.7,0.3824343000139509,0.2677040100097656,-1.8761841503583736,-1.3500449843860571,0.5261391659723165,1.9653764840994474,,,,,478
anger,attention,21,0.7,0.3979862758091518,0.27859039306640626,-1.8761841503583736,-1.2827158954976492,0.5934682548607244,2.13025384087549,,,,,478
anger,attention,22,0.7,0.44934290931338355,0.31454003651936846,-1.8761841503583736,-1.1693530467389517,0.7068311036194219,2.247189615163338,,,,,478
anger,attention,23,0.7,0.5047627403622582,0.35333391825358074,-1.8761841503583736,-1.08973711566945,0.7864470346889236,2.2257898097530115,,,,,478
anger,attention,24,0.7,0.556824457077753,0.38977711995442704,-1.8761841503583736,-1.0387764277567924,0.8374077226015813,2.1484270875096296,,,,,478
anger,attention,25,0.7,0.6123204912458148,0.4286243438720703,-1.8761841503583736,-1.0108147158782352,0.8653694344801384,2.0189460697977095,,,,,478
anger,attention,26,0.7,0.7091385977608817,0.4963970184326172,-1.8761841503583736,-0.9812561023559531,0.8949280480024205,1.8028473475287432,,,,,478
anger,attention,27,0.7,0.7923965454101562,0.5546775817871094,-1.8761841503583736,-1.0037361558324123,0.8724479945259613,1.5728921145776815,,,,,478
anger,mlp,0,0.7,0.028173367182413738,0.019721357027689616,-1.8761841503583736,-1.8759746464538274,0.00020950390454621548,0.0106231992175824,,,,,478
anger,mlp,1,0.7,0.03440512929643903,0.024083590507507323,-1.8761841503583736,-1.8760076221312438,0.00017652822712976857,0.007329813512430437,,,,,478
anger,mlp,2,0.7,0.047152962003435404,0.03300707340240478,-1.8761841503583736,-1.8768108815079454,-0.0006267311495717909,-0.018987783070950164,,,,,478
anger,mlp,3,0.7,0.05883604004269555,0.04118522802988688,-1.8761841503583736,-1.875588045802326,0.0005961045560476386,0.014473746645643515,,,,,478
anger,mlp,4,0.7,0.07728308723086402,0.05409816106160481,-1.8761841503583736,-1.8735672021947147,0.002616948163658872,0.048374068772481876,,,,,478
anger,mlp,5,0.7,0.09360138575236003,0.06552097002665201,-1.8761841503583736,-1.8749792444593736,0.0012049058990000194,0.018389622414166015,,,,,478
anger,mlp,6,0.7,0.09779841559273857,0.068458890914917,-1.8761841503583736,-1.87656827610781,-0.00038412574943635924,-0.005611042543966474,,,,,478
anger,mlp,7,0.7,0.11729521978469122,0.08210665384928385,-1.8761841503583736,-1.8738717649396992,0.002312385418674401,0.028163191535232314,,,,,478
anger,mlp,8,0.7,0.11951537359328497,0.08366076151529947,-1.8761841503583736,-1.872485015494554,0.0036991348638195642,0.04421588803184734,,,,,478
anger,mlp,9,0.7,0.1384358179001581,0.09690507253011067,-1.8761841503583736,-1.865644116500182,0.010540033858191578,0.10876658551508274,,,,,478
anger,mlp,10,0.7,0.14277108510335287,0.099939759572347,-1.8761841503583736,-1.8620835412059868,0.014100609152386756,0.14109108539709103,,,,,478
anger,mlp,11,0.7,0.1538222176688058,0.10767555236816405,-1.8761841503583736,-1.8560790390275013,0.02010511133087234,0.18671937026270344,,,,,478
anger,mlp,12,0.7,0.16940902528308688,0.1185863176981608,-1.8761841503583736,-1.8135629382342973,0.06262121212407634,0.5280643951140036,,,,,478
anger,mlp,13,0.7,0.19886348361060732,0.13920443852742512,-1.8761841503583736,-1.7614028976926246,0.11478125266574901,0.8245516729205125,,,,,478
anger,mlp,14,0.7,0.2291873296101888,0.16043113072713217,-1.8761841503583736,-1.7224848345233805,0.15369931583499308,0.9580392230508626,,,,,478
anger,mlp,15,0.7,0.2604990913754418,0.18234936396280926,-1.8761841503583736,-1.656357668620772,0.21982648173760166,1.2055237098739537,,,,,478
anger,mlp,16,0.7,0.29472378322056364,0.20630664825439454,-1.8761841503583736,-1.5759856566225634,0.3001984937358102,1.4551081910149528,,,,,478
anger,mlp,17,0.7,0.3170248667399089,0.2219174067179362,-1.8761841503583736,-1.507485946289665,0.36869820406870857,1.6614208390481746,,,,,478
anger,mlp,18,0.7,0.3383351280575707,0.2368345896402995,-1.8761841503583736,-1.445495028874864,0.4306891214835096,1.8185228861106528,,,,,478
anger,mlp,19,0.7,0.37498555864606586,0.26248989105224607,-1.8761841503583736,-1.355969510754282,0.5202146396040916,1.9818463770879007,,,,,478
anger,mlp,20,0.7,0.39758555094401044,0.2783098856608073,-1.8761841503583736,-1.2860078815698124,0.5901762687885612,2.1205724237472614,,,,,478
anger,mlp,21,0.7,0.43079367138090585,0.3015555699666341,-1.8761841503583736,-1.1917850807246804,0.6843990696336932,2.269562023707336,,,,,478
anger,mlp,22,0.7,0.4785931905110677,0.33501523335774736,-1.8761841503583736,-1.1227455999561933,0.7534385504021803,2.2489680330375243,,,,,478
anger,mlp,23,0.7,0.5382461547851562,0.37677230834960934,-1.8761841503583736,-1.0598247828094531,0.8163593675489205,2.1667180667412946,,,,,478
anger,mlp,24,0.7,0.5975563412620908,0.41828943888346354,-1.8761841503583736,-1.0302137476879183,0.8459704026704553,2.022452216170212,,,,,478
anger,mlp,25,0.7,0.6637131827218192,0.4645992279052734,-1.8761841503583736,-1.0208883243437592,0.8552958260146144,1.8409325169799888,,,,,478
anger,mlp,26,0.7,0.7567894345238095,0.5297526041666666,-1.8761841503583736,-1.0234224674093175,0.8527616829490561,1.6097357072751017,,,,,478
anger,mlp,27,0.7,1.6176143827892484,1.1323300679524737,-1.8761841503583736,-0.45244754373902557,1.423736606619348,1.2573512325728555,,,,,478
sadness,attention,0,0.7,0.024746809686933244,0.01732276678085327,0.05994866397895653,0.06164894270197151,0.0017002787230149738,0.09815283808440345,,,,,477
sadness,attention,1,0.7,0.03355450857253302,0.02348815600077311,0.05994866397895653,0.05860270088073843,-0.0013459630982181059,-0.05730390662314248,,,,,477
sadness,attention,2,0.7,0.04446781249273391,0.031127468744913737,0.05994866397895653,0.05953893765213605,-0.0004097263268204865,-0.013162854010974992,,,,,477
sadness,attention,3,0.7,0.05272324879964193,0.03690627415974935,0.05994866397895653,0.060350089265615435,0.00040142528665890187,0.010876884643552114,,,,,477
sadness,attention,4,0.7,0.07425630660284133,0.05197941462198893,0.05994866397895653,0.061718812528646215,0.0017701485496896818,0.034054799627174975,,,,,477
sadness,attention,5,0.7,0.09585160300845191,0.06709612210591634,0.05994866397895653,0.0598334561978746,-0.00011520778108193436,-0.0017170557323725817,,,,,477
sadness,attention,6,0.7,0.10027883166358584,0.07019518216451008,0.05994866397895653,0.05888011145641719,-0.0010685525225393455,-0.015222590633571915,,,,,477
sadness,attention,7,0.7,0.12613108044578916,0.08829175631205241,0.05994866397895653,0.06501646492966066,0.005067800950704131,0.05739834795892878,,,,,477
sadness,attention,8,0.7,0.13033072153727213,0.09123150507609049,0.05994866397895653,0.06524600985165162,0.005297345872695085,0.05806487428084082,,,,,477
sadness,attention,9,0.7,0.13836706252325148,0.09685694376627603,0.05994866397895653,0.07017656692168997,0.010227902942733437,0.10559803505068495,,,,,477
sadness,attention,10,0.7,0.1499653316679455,0.10497573216756186,0.05994866397895653,0.07664939748666072,0.016700733507704187,0.15909137438590606,,,,,477
sadness,attention,11,0.7,0.15608846573602586,0.1092619260152181,0.05994866397895653,0.08736432392142354,0.02741565994246701,0.2509168650262355,,,,,477
sadness,attention,12,0.7,0.1668252490815662,0.11677767435709634,0.05994866397895653,0.12160746081570159,0.06165879683674506,0.5280015822904438,,,,,477
sadness,attention,13,0.7,0.19299743289039248,0.13509820302327472,0.05994866397895653,0.19207255870291273,0.1321238947239562,0.9779841016922622,,,,,477
sadness,attention,14,0.7,0.21573316483270555,0.15101321538289386,0.05994866397895653,0.24584552127110385,0.1858968572921473,1.2309972794156194,,,,,477
sadness,attention,15,0.7,0.25008533114478704,0.17505973180135093,0.05994866397895653,0.34917154508316794,0.2892228811042114,1.6521382623412626,,,,,477
sadness,attention,16,0.7,0.2807611737932478,0.19653282165527344,0.05994866397895653,0.39698549942650385,0.3370368354475473,1.7149137360818216,,,,,477
sadness,attention,17,0.7,0.29693485441662015,0.20785439809163408,0.05994866397895653,0.4598246760963144,0.39987601211735785,1.9238275244051832,,,,,477
sadness,attention,18,0.7,0.3229855128696987,0.22608985900878906,0.05994866397895653,0.5223038396495443,0.46235517567058776,2.0450062541399263,,,,,477
sadness,attention,19,0.7,0.3499829428536551,0.24498805999755857,0.05994866397895653,0.5677263473689681,0.5077776833900116,2.0726629836371284,,,,,477
sadness,attention,20,0.7,0.3824343000139509,0.2677040100097656,0.05994866397895653,0.6596560989910701,0.5997074350121137,2.2401884640810454,,,,,477
sadness,attention,21,0.7,0.3979862758091518,0.27859039306640626,0.05994866397895653,0.6951359328608843,0.6351872688819278,2.280004209371718,,,,,477
sadness,attention,22,0.7,0.44934290931338355,0.31454003651936846,0.05994866397895653,0.7717529484061075,0.711804284427151,2.263000577935395,,,,,477
sadness,attention,23,0.7,0.5047627403622582,0.35333391825358074,0.05994866397895653,0.8514480155968817,0.7914993516179252,2.240088796258393,,,,,477
sadness,attention,24,0.7,0.556824457077753,0.38977711995442704,0.05994866397895653,0.8918487089734907,0.8319000449945342,2.13429676193359,,,,,477
sadness,attention,25,0.7,0.6123204912458148,0.4286243438720703,0.05994866397895653,0.9209272165468404,0.8609785525678839,2.0087019435015026,,,,,477
sadness,attention,26,0.7,0.7091385977608817,0.4963970184326172,0.05994866397895653,0.9393956540640546,0.8794469900850981,1.7716605004235688,,,,,477
sadness,attention,27,0.7,0.7923965454101562,0.5546775817871094,0.05994866397895653,0.9435604493947899,0.8836117854158334,1.5930187453564189,,,,,477
sadness,mlp,0,0.7,0.028173367182413738,0.019721357027689616,0.05994866397895653,0.06173500000055981,0.0017863360216032742,0.09057875779517521,,,,,477
sadness,mlp,1,0.7,0.03440512929643903,0.024083590507507323,0.05994866397895653,0.058688573492398054,-0.0012600904865584794,-0.05232153761149878,,,,,477
sadness,mlp,2,0.7,0.047152962003435404,0.03300707340240478,0.05994866397895653,0.059472090105840494,-0.00047657387311603877,-0.014438537682693106,,,,,477
sadness,mlp,3,0.7,0.05883604004269555,0.04118522802988688,0.05994866397895653,0.06055880448853195,0.0006101405095754187,0.014814547321011748,,,,,477
sadness,mlp,4,0.7,0.07728308723086402,0.05409816106160481,0.05994866397895653,0.06201345209555556,0.002064788116599027,0.03816743630615705,,,,,477
sadness,mlp,5,0.7,0.09360138575236003,0.06552097002665201,0.05994866397895653,0.06000395472194664,5.5290742990106445e-05,0.0008438633153266166,,,,,477
sadness,mlp,6,0.7,0.09779841559273857,0.068458890914917,0.05994866397895653,0.05749292224958008,-0.0024557417293764525,-0.035871772045336384,,,,,477
sadness,mlp,7,0.7,0.11729521978469122,0.08210665384928385,0.05994866397895653,0.06546670492090269,0.005518040941946155,0.06720577058316309,,,,,477
sadness,mlp,8,0.7,0.11951537359328497,0.08366076151529947,0.05994866397895653,0.06521801916058459,0.005269355181628056,0.06298478625089281,,,,,477
sadness,mlp,9,0.7,0.1384358179001581,0.09690507253011067,0.05994866397895653,0.07421045833163792,0.014261794352681385,0.1471728360581941,,,,,477
sadness,mlp,10,0.7,0.14277108510335287,0.099939759572347,0.05994866397895653,0.08301652614925392,0.02306786217029739,0.23081766725282565,,,,,477
sadness,mlp,11,0.7,0.1538222176688058,0.10767555236816405,0.05994866397895653,0.08719709509323728,0.027248431114280748,0.2530605185206105,,,,,477
sadness,mlp,12,0.7,0.16940902528308688,0.1185863176981608,0.05994866397895653,0.14565708620993095,0.08570842223097441,0.7227513586274692,,,,,477
sadness,mlp,13,0.7,0.19886348361060732,0.13920443852742512,0.05994866397895653,0.2056963841120402,0.14574772013308365,1.047004834579103,,,,,477
sadness,mlp,14,0.7,0.2291873296101888,0.16043113072713217,0.05994866397895653,0.2943066402926135,0.23435797631365696,1.4608011253892026,,,,,477
sadness,mlp,15,0.7,0.2604990913754418,0.18234936396280926,0.05994866397895653,0.36883619621364827,0.30888753223469173,1.69393260015807,,,,,477
sadness,mlp,16,0.7,0.29472378322056364,0.20630664825439454,0.05994866397895653,0.4559108293156454,0.3959621653366889,1.9192894106273886,,,,,477
sadness,mlp,17,0.7,0.3170248667399089,0.2219174067179362,0.05994866397895653,0.5149353235897528,0.45498665961079626,2.0502522372618484,,,,,477
sadness,mlp,18,0.7,0.3383351280575707,0.2368345896402995,0.05994866397895653,0.5528647721563495,0.492916108177393,2.0812673897255713,,,,,477
sadness,mlp,19,0.7,0.37498555864606586,0.26248989105224607,0.05994866397895653,0.6520922861259189,0.5921436221469624,2.2558721014863843,,,,,477
sadness,mlp,20,0.7,0.39758555094401044,0.2783098856608073,0.05994866397895653,0.6912677737901796,0.6313191098112231,2.268403467998435,,,,,477
sadness,mlp,21,0.7,0.43079367138090585,0.3015555699666341,0.05994866397895653,0.7460936297285732,0.6861449657496167,2.2753516568290744,,,,,477
sadness,mlp,22,0.7,0.4785931905110677,0.33501523335774736,0.05994866397895653,0.8138357224079548,0.7538870584289983,2.2503068020908676,,,,,477
sadness,mlp,23,0.7,0.5382461547851562,0.37677230834960934,0.05994866397895653,0.8669576739240242,0.8070090099450677,2.141901068791497,,,,,477
sadness,mlp,24,0.7,0.5975563412620908,0.41828943888346354,0.05994866397895653,0.900480661752089,0.8405319977731325,2.0094506808891888,,,,,477
sadness,mlp,25,0.7,0.6637131827218192,0.4645992279052734,0.05994866397895653,0.898942897904594,0.8389942339256375,1.8058450886980362,,,,,477
sadness,mlp,26,0.7,0.7567894345238095,0.5297526041666666,0.05994866397895653,0.926333166205908,0.8663845022269515,1.6354511434442642,,,,,477
sadness,mlp,27,0.7,1.6176143827892484,1.1323300679524737,0.05994866397895653,1.6019370925751373,1.5419884285961807,1.3617835225240182,,,,,477
happiness,attention,0,0.7,0.024746809686933244,0.01732276678085327,12.8519751003448,12.848304203469702,-0.0036708968750982507,-0.21191169525850032,,,,,470
happiness,attention,1,0.7,0.03355450857253302,0.02348815600077311,12.8519751003448,12.850222784661232,-0.0017523156835679288,-0.07460422535980481,,,,,470
happiness,attention,2,0.7,0.04446781249273391,0.031127468744913737,12.8519751003448,12.85416935580842,0.002194255463619399,0.0704925762387262,,,,,470
happiness,attention,3,0.7,0.05272324879964193,0.03690627415974935,12.8519751003448,12.851826622638297,-0.00014847770650305847,-0.004023102030304401,,,,,470
happiness,attention,4,0.7,0.07425630660284133,0.05197941462198893,12.8519751003448,12.863852476820032,0.011877376475231571,0.2285015435746571,,,,,470
happiness,attention,5,0.7,0.09585160300845191,0.06709612210591634,12.8519751003448,12.865868739878877,0.01389363953407674,0.20707067857281786,,,,,470
happiness,attention,6,0.7,0.10027883166358584,0.07019518216451008,12.8519751003448,12.872337679660067,0.020362579315266416,0.2900851409936438,,,,,470
happiness,attention,7,0.7,0.12613108044578916,0.08829175631205241,12.8519751003448,12.885254914709861,0.033279814365061,0.3769300301088029,,,,,470
happiness,attention,8,0.7,0.13033072153727213,0.09123150507609049,12.8519751003448,12.898048173113072,0.04607307276827122,0.5050127445540282,,,,,470
happiness,attention,9,0.7,0.13836706252325148,0.09685694376627603,12.8519751003448,12.921721040441636,0.06974594009683521,0.7200923071157195,,,,,470
happiness,attention,10,0.7,0.1499653316679455,0.10497573216756186,12.8519751003448,12.947353960351741,0.09537886000694051,0.9085800883455345,,,,,470
happiness,attention,11,0.7,0.15608846573602586,0.1092619260152181,12.8519751003448,12.984644643296587,0.13266954295178657,1.2142339769235646,,,,,470
happiness,attention,12,0.7,0.1668252490815662,0.11677767435709634,12.8519751003448,13.057843498980745,0.20586839863594442,1.762908875941613,,,,,470
happiness,attention,13,0.7,0.19299743289039248,0.13509820302327472,12.8519751003448,13.110797463833018,0.25882236348821763,1.9158090758885056,,,,,470
happiness,attention,14,0.7,0.21573316483270555,0.15101321538289386,12.8519751003448,13.124467434781662,0.27249233443686194,1.8044270744514503,,,,,470
happiness,attention,15,0.7,0.25008533114478704,0.17505973180135093,12.8519751003448,13.16123313396535,0.3092580336205497,1.76658578439661,,,,,470
happiness,attention,16,0.7,0.2807611737932478,0.19653282165527344,12.8519751003448,13.234890366107859,0.38291526576305834,1.948352761325064,,,,,470
happiness,attention,17,0.7,0.29693485441662015,0.20785439809163408,12.8519751003448,13.282291074509317,0.4303159741645164,2.0702760110700593,,,,,470
happiness,attention,18,0.7,0.3229855128696987,0.22608985900878906,12.8519751003448,13.339292648498049,0.4873175481532481,2.155415330389958,,,,,470
happiness,attention,19,0.7,0.3499829428536551,0.24498805999755857,12.8519751003448,13.383009028434753,0.5310339280899523,2.1675910576835635,,,,,470
happiness,attention,20,0.7,0.3824343000139509,0.2677040100097656,12.8519751003448,13.437606074454937,0.5856309741101366,2.187606282359287,,,,,470
happiness,attention,21,0.7,0.3979862758091518,0.27859039306640626,12.8519751003448,13.477154331765277,0.6251792314204767,2.2440803666602234,,,,,470
happiness,attention,22,0.7,0.44934290931338355,0.31454003651936846,12.8519751003448,13.558408376637926,0.7064332762931258,2.2459248244209626,,,,,470
happiness,attention,23,0.7,0.5047627403622582,0.35333391825358074,12.8519751003448,13.628120458886979,0.7761453585421787,2.196634170810498,,,,,470
happiness,attention,24,0.7,0.556824457077753,0.38977711995442704,12.8519751003448,13.654060322680373,0.8020852223355721,2.057804784512114,,,,,470
happiness,attention,25,0.7,0.6123204912458148,0.4286243438720703,12.8519751003448,13.683076655103806,0.8311015547590053,1.938997554947697,,,,,470
happiness,attention,26,0.7,0.7091385977608817,0.4963970184326172,12.8519751003448,13.718611140707706,0.8666360403629056,1.7458526304193467,,,,,470
happiness,attention,27,0.7,0.7923965454101562,0.5546775817871094,12.8519751003448,13.731388205163022,0.8794131048182212,1.585449157661736,,,,,470
happiness,mlp,0,0.7,0.028173367182413738,0.019721357027689616,12.8519751003448,12.84806839329131,-0.003906707053490166,-0.198095245068835,,,,,470
happiness,mlp,1,0.7,0.03440512929643903,0.024083590507507323,12.8519751003448,12.853547041974169,0.0015719416293684674,0.06527023571831878,,,,,470
happiness,mlp,2,0.7,0.047152962003435404,0.03300707340240478,12.8519751003448,12.84959315543479,-0.002381944910009537,-0.07216468061164116,,,,,470
happiness,mlp,3,0.7,0.05883604004269555,0.04118522802988688,12.8519751003448,12.85094397118751,-0.0010311291572904224,-0.02503638334944177,,,,,470
happiness,mlp,4,0.7,0.07728308723086402,0.05409816106160481,12.8519751003448,12.864439657901196,0.012464557556395306,0.2304063079371805,,,,,470
happiness,mlp,5,0.7,0.09360138575236003,0.06552097002665201,12.8519751003448,12.865966283767781,0.013991183422980669,0.21353748910141998,,,,,470
happiness,mlp,6,0.7,0.09779841559273857,0.068458890914917,12.8519751003448,12.874277357091295,0.02230225674649411,0.3257758992066071,,,,,470
happiness,mlp,7,0.7,0.11729521978469122,0.08210665384928385,12.8519751003448,12.887194355244333,0.03521925489953226,0.42894519808566584,,,,,470
happiness,mlp,8,0.7,0.11951537359328497,0.08366076151529947,12.8519751003448,12.907094855765079,0.05511975542027869,0.6588483587995868,,,,,470
happiness,mlp,9,0.7,0.1384358179001581,0.09690507253011067,12.8519751003448,12.92611202914664,0.07413692880184009,0.7650469357917669,,,,,470
happiness,mlp,10,0.7,0.14277108510335287,0.099939759572347,12.8519751003448,12.95986711370184,0.10789201335703957,1.0795704714392063,,,,,470
happiness,mlp,11,0.7,0.1538222176688058,0.10767555236816405,12.8519751003448,12.979571060424155,0.12759596007935414,1.1850039983363938,,,,,470
happiness,mlp,12,0.7,0.16940902528308688,0.1185863176981608,12.8519751003448,13.038781588128273,0.18680648778347297,1.5752785937662201,,,,,470
happiness,mlp,13,0.7,0.19886348361060732,0.13920443852742512,12.8519751003448,13.096542498913218,0.24456739856841736,1.756893682095017,,,,,470
happiness,mlp,14,0.7,0.2291873296101888,0.16043113072713217,12.8519751003448,13.121134362829492,0.2691592624846919,1.6777246489803093,,,,,470
happiness,mlp,15,0.7,0.2604990913754418,0.18234936396280926,12.8519751003448,13.184920372100587,0.33294527175578637,1.8258647275769584,,,,,470
happiness,mlp,16,0.7,0.29472378322056364,0.20630664825439454,12.8519751003448,13.267853716332862,0.41587861598806164,2.0158275048666687,,,,,470
happiness,mlp,17,0.7,0.3170248667399089,0.2219174067179362,12.8519751003448,13.330537504084568,0.4785624037397671,2.1564888073337776,,,,,470
happiness,mlp,18,0.7,0.3383351280575707,0.2368345896402995,12.8519751003448,13.365936285637794,0.5139611852929935,2.1701272017469635,,,,,470
happiness,mlp,19,0.7,0.37498555864606586,0.26248989105224607,12.8519751003448,13.429800758209634,0.5778256578648335,2.2013253750401494,,,,,470
happiness,mlp,20,0.7,0.39758555094401044,0.2783098856608073,12.8519751003448,13.474389149026667,0.6224140486818666,2.2364065408745106,,,,,470
happiness,mlp,21,0.7,0.43079367138090585,0.3015555699666341,12.8519751003448,13.533380131518587,0.6814050311737869,2.2596333778519884,,,,,470
happiness,mlp,22,0.7,0.4785931905110677,0.33501523335774736,12.8519751003448,13.59602853833361,0.7440534379888089,2.2209540459739885,,,,,470
happiness,mlp,23,0.7,0.5382461547851562,0.37677230834960934,12.8519751003448,13.630485705111889,0.7785106047670887,2.066262799878339,,,,,470
happiness,mlp,24,0.7,0.5975563412620908,0.41828943888346354,12.8519751003448,13.663315490712511,0.811340390367711,1.9396626234059722,,,,,470
happiness,mlp,25,0.7,0.6637131827218192,0.4645992279052734,12.8519751003448,13.672078354054308,0.8201032537095081,1.765184280238877,,,,,470
happiness,mlp,26,0.7,0.7567894345238095,0.5297526041666666,12.8519751003448,13.709110016772087,0.8571349164272863,1.6179909446138774,,,,,470
happiness,mlp,27,0.7,1.6176143827892484,1.1323300679524737,12.8519751003448,14.353621163266771,1.5016460629219708,1.326155778621431,,,,,470
fear,attention,0,0.7,0.024746809686933244,0.01732276678085327,-8.162142317990462,-8.162065313259761,7.700473070038072e-05,0.0044452905055267205,,,,,480
fear,attention,1,0.7,0.03355450857253302,0.02348815600077311,-8.162142317990462,-8.162720607221127,-0.0005782892306651632,-0.024620461080304853,,,,,480
fear,attention,2,0.7,0.04446781249273391,0.031127468744913737,-8.162142317990462,-8.160607453187307,0.0015348648031547896,0.04930901435426188,,,,,480
fear,attention,3,0.7,0.05272324879964193,0.03690627415974935,-8.162142317990462,-8.160697391132514,0.001444926857947948,0.039151252486055915,,,,,480
fear,attention,4,0.7,0.07425630660284133,0.05197941462198893,-8.162142317990462,-8.158676229417324,0.0034660885731376823,0.06668194704277061,,,,,480
fear,attention,5,0.7,0.09585160300845191,0.06709612210591634,-8.162142317990462,-8.164257684101662,-0.00211536611119989,-0.031527397482981556,,,,,480
fear,attention,6,0.7,0.10027883166358584,0.07019518216451008,-8.162142317990462,-8.15390309865276,0.008239219337701442,0.11737585235396827,,,,,480
fear,attention,7,0.7,0.12613108044578916,0.08829175631205241,-8.162142317990462,-8.14959900478522,0.012543313205242157,0.14206664052428541,,,,,480
fear,attention,8,0.7,0.13033072153727213,0.09123150507609049,-8.162142317990462,-8.149716122696796,0.012426195293665288,0.13620508927591818,,,,,480
fear,attention,9,0.7,0.13836706252325148,0.09685694376627603,-8.162142317990462,-8.131526584674914,0.0306157333155479,0.3160922916319376,,,,,480
fear,attention,10,0.7,0.1499653316679455,0.10497573216756186,-8.162142317990462,-8.119937105228503,0.04220521276195832,0.40204732932551046,,,,,480
fear,attention,11,0.7,0.15608846573602586,0.1092619260152181,-8.162142317990462,-8.120057664066554,0.04208465392390792,0.3851721771593733,,,,,480
fear,attention,12,0.7,0.1668252490815662,0.11677767435709634,-8.162142317990462,-8.096338657786449,0.06580366020401307,0.5634952105895772,,,,,480
fear,attention,13,0.7,0.19299743289039248,0.13509820302327472,-8.162142317990462,-8.070254549880822,0.09188776810963972,0.6801553688601565,,,,,480
fear,attention,14,0.7,0.21573316483270555,0.15101321538289386,-8.162142317990462,-8.019784589111804,0.1423577288786575,0.9426839135747797,,,,,480
fear,attention,15,0.7,0.25008533114478704,0.17505973180135093,-8.162142317990462,-7.934572488442063,0.22756982954839877,1.2999553192885827,,,,,480
fear,attention,16,0.7,0.2807611737932478,0.19653282165527344,-8.162142317990462,-7.88852942523857,0.27361289275189193,1.3921994832589342,,,,,480
fear,attention,17,0.7,0.29693485441662015,0.20785439809163408,-8.162142317990462,-7.830440508201718,0.3317018097887434,1.5958373401486088,,,,,480
fear,attention,18,0.7,0.3229855128696987,0.22608985900878906,-8.162142317990462,-7.762730824202299,0.399411493788163,1.7666050814452328,,,,,480
fear,attention,19,0.7,0.3499829428536551,0.24498805999755857,-8.162142317990462,-7.672960620497664,0.48918169749279805,1.9967573011422393,,,,,480
fear,attention,20,0.7,0.3824343000139509,0.2677040100097656,-8.162142317990462,-7.601733282953501,0.5604090350369608,2.093390513711459,,,,,480
fear,attention,21,0.7,0.3979862758091518,0.27859039306640626,-8.162142317990462,-7.53687946771582,0.625262850274642,2.244380516472444,,,,,480
fear,attention,22,0.7,0.44934290931338355,0.31454003651936846,-8.162142317990462,-7.428316661094626,0.7338256568958359,2.3330119275631516,,,,,480
fear,attention,23,0.7,0.5047627403622582,0.35333391825358074,-8.162142317990462,-7.349082627644141,0.8130596903463205,2.3011085218340224,,,,,480
fear,attention,24,0.7,0.556824457077753,0.38977711995442704,-8.162142317990462,-7.279042075574398,0.8831002424160639,2.265654388639632,,,,,480
fear,attention,25,0.7,0.6123204912458148,0.4286243438720703,-8.162142317990462,-7.25619123938183,0.9059510786086316,2.1136248828625255,,,,,480
fear,attention,26,0.7,0.7091385977608817,0.4963970184326172,-8.162142317990462,-7.212194711466631,0.949947606523831,1.9136851577459273,,,,,480
fear,attention,27,0.7,0.7923965454101562,0.5546775817871094,-8.162142317990462,-7.217754569401344,0.9443877485891177,1.7025886381533675,,,,,480
fear,mlp,0,0.7,0.028173367182413738,0.019721357027689616,-8.162142317990462,-8.162145760655402,-3.4426649406782417e-06,-0.00017456531697309649,,,,,480
fear,mlp,1,0.7,0.03440512929643903,0.024083590507507323,-8.162142317990462,-8.162614439427852,-0.00047212143739017165,-0.019603448964264785,,,,,480
fear,mlp,2,0.7,0.047152962003435404,0.03300707340240478,-8.162142317990462,-8.160738079994918,0.001404237995544122,0.04254354751251028,,,,,480
fear,mlp,3,0.7,0.05883604004269555,0.04118522802988688,-8.162142317990462,-8.161012482146422,0.001129835844039917,0.02743303602009995,,,,,480
fear,mlp,4,0.7,0.07728308723086402,0.05409816106160481,-8.162142317990462,-8.159617465734481,0.0025248522559806474,0.046671683592080834,,,,,480
fear,mlp,5,0.7,0.09360138575236003,0.06552097002665201,-8.162142317990462,-8.160586965580782,0.0015553524096798554,0.023738238445602737,,,,,480
fear,mlp,6,0.7,0.09779841559273857,0.068458890914917,-8.162142317990462,-8.15430031021436,0.007842007776101667,0.1145506109038193,,,,,480
fear,mlp,7,0.7,0.11729521978469122,0.08210665384928385,-8.162142317990462,-8.149128418664137,0.013013899326324463,0.1584999353427916,,,,,480
fear,mlp,8,0.7,0.11951537359328497,0.08366076151529947,-8.162142317990462,-8.148037099093198,0.014105218897263683,0.16860017338814431,,,,,480
fear,mlp,9,0.7,0.1384358179001581,0.09690507253011067,-8.162142317990462,-8.130212759971618,0.03192955801884345,0.3294931543333007,,,,,480
fear,mlp,10,0.7,0.14277108510335287,0.099939759572347,-8.162142317990462,-8.118148208409547,0.04399410958091465,0.44020627795354106,,,,,480
fear,mlp,11,0.7,0.1538222176688058,0.10767555236816405,-8.162142317990462,-8.117949428160985,0.044192889829476556,0.41042640467143654,,,,,480
fear,mlp,12,0.7,0.16940902528308688,0.1185863176981608,-8.162142317990462,-8.092540285736323,0.06960203225413863,0.5869313897687382,,,,,480
fear,mlp,13,0.7,0.19886348361060732,0.13920443852742512,-8.162142317990462,-8.05277939811349,0.10936291987697189,0.7856281095191224,,,,,480
fear,mlp,14,0.7,0.2291873296101888,0.16043113072713217,-8.162142317990462,-7.976221724351247,0.18592059363921454,1.158881027619483,,,,,480
fear,mlp,15,0.7,0.2604990913754418,0.18234936396280926,-8.162142317990462,-7.914579111337662,0.24756320665280018,1.357631314268206,,,,,480
fear,mlp,16,0.7,0.29472378322056364,0.20630664825439454,-8.162142317990462,-7.837145565946897,0.3249967520435648,1.5753091565077184,,,,,480
fear,mlp,17,0.7,0.3170248667399089,0.2219174067179362,-8.162142317990462,-7.769380672027667,0.3927616459627945,1.7698550635192243,,,,,480
fear,mlp,18,0.7,0.3383351280575707,0.2368345896402995,-8.162142317990462,-7.6916267668207485,0.4705155511697132,1.9866842587661058,,,,,480
fear,mlp,19,0.7,0.37498555864606586,0.26248989105224607,-8.162142317990462,-7.607626206303636,0.5545161116868256,2.1125236841081034,,,,,480
fear,mlp,20,0.7,0.39758555094401044,0.2783098856608073,-8.162142317990462,-7.5389504907031855,0.6231918272872763,2.2392011904557245,,,,,480
fear,mlp,21,0.7,0.43079367138090585,0.3015555699666341,-8.162142317990462,-7.449073727056384,0.7130685909340775,2.364634123697253,,,,,480
fear,mlp,22,0.7,0.4785931905110677,0.33501523335774736,-8.162142317990462,-7.382371922271947,0.7797703957185149,2.3275669822626663,,,,,480
fear,mlp,23,0.7,0.5382461547851562,0.37677230834960934,-8.162142317990462,-7.306122331197063,0.8560199867933989,2.271982223277122,,,,,480
fear,mlp,24,0.7,0.5975563412620908,0.41828943888346354,-8.162142317990462,-7.279332806169987,0.8828095118204748,2.1105230726765436,,,,,480
fear,mlp,25,0.7,0.6637131827218192,0.4645992279052734,-8.162142317990462,-7.255028492336472,0.9071138256539895,1.9524652026303837,,,,,480
fear,mlp,26,0.7,0.7567894345238095,0.5297526041666666,-8.162142317990462,-7.239872074003021,0.9222702439874411,1.7409451822105317,,,,,480
fear,mlp,27,0.7,1.6176143827892484,1.1323300679524737,-8.162142317990462,-6.509992432159682,1.65214988583078,1.4590709304560516,,,,,480
disgust,attention,0,0.7,0.024746809686933244,0.01732276678085327,-0.4825677875154897,-0.4818693522089406,0.0006984353065490612,0.040318923378974116,,,,,475
disgust,attention,1,0.7,0.03355450857253302,0.02348815600077311,-0.4825677875154897,-0.4823603545364581,0.00020743297903158542,0.008831386296342624,,,,,475
disgust,attention,2,0.7,0.04446781249273391,0.031127468744913737,-0.4825677875154897,-0.4827225626142401,-0.00015477509875044815,-0.004972299547348789,,,,,475
disgust,attention,3,0.7,0.05272324879964193,0.03690627415974935,-0.4825677875154897,-0.482213180535718,0.00035460697977168776,0.009608311536319442,,,,,475
disgust,attention,4,0.7,0.07425630660284133,0.05197941462198893,-0.4825677875154897,-0.4820287578356893,0.0005390296798003513,0.010370060604190122,,,,,475
disgust,attention,5,0.7,0.09585160300845191,0.06709612210591634,-0.4825677875154897,-0.4822952122437327,0.0002725752717570029,0.00406245939708292,,,,,475
disgust,attention,6,0.7,0.10027883166358584,0.07019518216451008,-0.4825677875154897,-0.48147832826564185,0.001089459249847824,0.015520427702496122,,,,,475
disgust,attention,7,0.7,0.12613108044578916,0.08829175631205241,-0.4825677875154897,-0.47672718735117664,0.005840600164313037,0.06615113809346385,,,,,475
disgust,attention,8,0.7,0.13033072153727213,0.09123150507609049,-0.4825677875154897,-0.47881667046170484,0.003751117053784836,0.041116465750030806,,,,,475
disgust,attention,9,0.7,0.13836706252325148,0.09685694376627603,-0.4825677875154897,-0.47686406637492934,0.005703721140560336,0.05888809742256473,,,,,475
disgust,attention,10,0.7,0.1499653316679455,0.10497573216756186,-0.4825677875154897,-0.47653826136338084,0.006029526152108833,0.05743733363521129,,,,,475
disgust,attention,11,0.7,0.15608846573602586,0.1092619260152181,-0.4825677875154897,-0.4722130692318866,0.01035471828360307,0.09476968474966162,,,,,475
disgust,attention,12,0.7,0.1668252490815662,0.11677767435709634,-0.4825677875154897,-0.46262597927921695,0.01994180823627273,0.17076730073671745,,,,,475
disgust,attention,13,0.7,0.19299743289039248,0.13509820302327472,-0.4825677875154897,-0.4237426948861072,0.05882509262938246,0.43542468599118284,,,,,475
disgust,attention,14,0.7,0.21573316483270555,0.15101321538289386,-0.4825677875154897,-0.3942576172163612,0.08831017029912847,0.5847843850964839,,,,,475
disgust,attention,15,0.7,0.25008533114478704,0.17505973180135093,-0.4825677875154897,-0.32913998563038677,0.1534278018851029,0.8764311489932199,,,,,475
disgust,attention,16,0.7,0.2807611737932478,0.19653282165527344,-0.4825677875154897,-0.28770700319817194,0.19486078431731774,0.9914923251807348,,,,,475
disgust,attention,17,0.7,0.29693485441662015,0.20785439809163408,-0.4825677875154897,-0.21922771187205065,0.26334007564343903,1.266944929052421,,,,,475
disgust,attention,18,0.7,0.3229855128696987,0.22608985900878906,-0.4825677875154897,-0.149971516540176,0.3325962709753137,1.471080005239794,,,,,475
disgust,attention,19,0.7,0.3499829428536551,0.24498805999755857,-0.4825677875154897,-0.051947427297893325,0.43062036021759637,1.7577197852903024,,,,,475
disgust,attention,20,0.7,0.3824343000139509,0.2677040100097656,-0.4825677875154897,0.035178964420368795,0.5177467519358585,1.9340268825893625,,,,,475
disgust,attention,21,0.7,0.3979862758091518,0.27859039306640626,-0.4825677875154897,0.09174626312757793,0.5743140506430676,2.0614998396810154,,,,,475
disgust,attention,22,0.7,0.44934290931338355,0.31454003651936846,-0.4825677875154897,0.20543506418403826,0.6880028516995279,2.1873299797151984,,,,,475
disgust,attention,23,0.7,0.5047627403622582,0.35333391825358074,-0.4825677875154897,0.30947597522484627,0.7920437627403359,2.2416295799032286,,,,,475
disgust,attention,24,0.7,0.556824457077753,0.38977711995442704,-0.4825677875154897,0.36323127388954163,0.8457990614050312,2.1699556441484367,,,,,475
disgust,attention,25,0.7,0.6123204912458148,0.4286243438720703,-0.4825677875154897,0.41069248588461627,0.8932602734001059,2.0840166597413643,,,,,475
disgust,attention,26,0.7,0.7091385977608817,0.4963970184326172,-0.4825677875154897,0.4437186487097489,0.9262864362252385,1.8660193390161874,,,,,475
disgust,attention,27,0.7,0.7923965454101562,0.5546775817871094,-0.4825677875154897,0.4052051991851706,0.8877729867006603,1.600520763504367,,,,,475
disgust,mlp,0,0.7,0.028173367182413738,0.019721357027689616,-0.4825677875154897,-0.4818150616319556,0.0007527258835340889,0.038168057222291045,,,,,475
disgust,mlp,1,0.7,0.03440512929643903,0.024083590507507323,-0.4825677875154897,-0.48239853353876816,0.00016925397672151732,0.007027771738136702,,,,,475
disgust,mlp,2,0.7,0.047152962003435404,0.03300707340240478,-0.4825677875154897,-0.4825884446972295,-2.0657181739824892e-05,-0.0006258410580054602,,,,,475
disgust,mlp,3,0.7,0.05883604004269555,0.04118522802988688,-0.4825677875154897,-0.48217420170181674,0.00039358581367293644,0.009556480138639103,,,,,475
disgust,mlp,4,0.7,0.07728308723086402,0.05409816106160481,-0.4825677875154897,-0.4818638358931792,0.0007039516223104614,0.013012487088217834,,,,,475
disgust,mlp,5,0.7,0.09360138575236003,0.06552097002665201,-0.4825677875154897,-0.48238827589311095,0.0001795116223787252,0.0027397583141047076,,,,,475
disgust,mlp,6,0.7,0.09779841559273857,0.068458890914917,-0.4825677875154897,-0.48124580446042514,0.001321983055064535,0.019310611629796047,,,,,475
disgust,mlp,7,0.7,0.11729521978469122,0.08210665384928385,-0.4825677875154897,-0.47638986769475433,0.006177919820735345,0.07524262079996126,,,,,475
disgust,mlp,8,0.7,0.11951537359328497,0.08366076151529947,-0.4825677875154897,-0.47847272032185606,0.004095067193633617,0.048948480977963976,,,,,475
disgust,mlp,9,0.7,0.1384358179001581,0.09690507253011067,-0.4825677875154897,-0.47872839061837447,0.0038393968971152104,0.03962018495907136,,,,,475
disgust,mlp,10,0.7,0.14277108510335287,0.099939759572347,-0.4825677875154897,-0.47332972338325097,0.00923806413223871,0.09243632536009073,,,,,475
disgust,mlp,11,0.7,0.1538222176688058,0.10767555236816405,-0.4825677875154897,-0.4747055748575612,0.007862212657928469,0.0730176208527448,,,,,475
disgust,mlp,12,0.7,0.16940902528308688,0.1185863176981608,-0.4825677875154897,-0.4456297493922083,0.03693803812328139,0.3114865090701292,,,,,475
disgust,mlp,13,0.7,0.19886348361060732,0.13920443852742512,-0.4825677875154897,-0.40867307929616226,0.07389470821932742,0.5308358627140268,,,,,475
disgust,mlp,14,0.7,0.2291873296101888,0.16043113072713217,-0.4825677875154897,-0.35346219912955634,0.12910558838593333,0.8047414974935345,,,,,475
disgust,mlp,15,0.7,0.2604990913754418,0.18234936396280926,-0.4825677875154897,-0.30100172039709594,0.18156606711839374,0.9957044169094262,,,,,475
disgust,mlp,16,0.7,0.29472378322056364,0.20630664825439454,-0.4825677875154897,-0.22387759428275258,0.2586901932327371,1.253911085374956,,,,,475
disgust,mlp,17,0.7,0.3170248667399089,0.2219174067179362,-0.4825677875154897,-0.154923285340008,0.3276445021754817,1.4764254279157465,,,,,475
disgust,mlp,18,0.7,0.3383351280575707,0.2368345896402995,-0.4825677875154897,-0.0641414276235982,0.4184263598918915,1.7667451385686128,,,,,475
disgust,mlp,19,0.7,0.37498555864606586,0.26248989105224607,-0.4825677875154897,0.029751561550717606,0.5123193490662072,1.9517679214710597,,,,,475
disgust,mlp,20,0.7,0.39758555094401044,0.2783098856608073,-0.4825677875154897,0.08969852419275987,0.5722663117082496,2.0562198512980756,,,,,475
disgust,mlp,21,0.7,0.43079367138090585,0.3015555699666341,-0.4825677875154897,0.1754501350616154,0.658017922577105,2.182078489380621,,,,,475
disgust,mlp,22,0.7,0.4785931905110677,0.33501523335774736,-0.4825677875154897,0.27435518440447354,0.7569229719199633,2.259368818347672,,,,,475
disgust,mlp,23,0.7,0.5382461547851562,0.37677230834960934,-0.4825677875154897,0.33996722638607024,0.8225350139015599,2.1831089909567467,,,,,475
disgust,mlp,24,0.7,0.5975563412620908,0.41828943888346354,-0.4825677875154897,0.39020789733058525,0.8727756848460749,2.0865353119499446,,,,,475
disgust,mlp,25,0.7,0.6637131827218192,0.4645992279052734,-0.4825677875154897,0.4200514371144144,0.9026192246299041,1.9427910560667958,,,,,475
disgust,mlp,26,0.7,0.7567894345238095,0.5297526041666666,-0.4825677875154897,0.3811418458662535,0.8637096333817431,1.630401864169052,,,,,475
disgust,mlp,27,0.7,1.6176143827892484,1.1323300679524737,-0.4825677875154897,1.07001584394982,1.5525836314653096,1.3711405140665,,,,,475
surprise,attention,0,0.7,0.024746809686933244,0.01732276678085327,-1.675437323350212,-1.674432213958632,0.0010051093915799392,0.058022451280177675,,,,,467
surprise,attention,1,0.7,0.03355450857253302,0.02348815600077311,-1.675437323350212,-1.675137731707326,0.00029959164288606566,0.012755009072496139,,,,,467
surprise,attention,2,0.7,0.04446781249273391,0.031127468744913737,-1.675437323350212,-1.6754939939340125,-5.667058380054435e-05,-0.001820597243706313,,,,,467
surprise,attention,3,0.7,0.05272324879964193,0.03690627415974935,-1.675437323350212,-1.6759123801546894,-0.00047505680447734733,-0.012871979501942054,,,,,467
surprise,attention,4,0.7,0.07425630660284133,0.05197941462198893,-1.675437323350212,-1.67634756074983,-0.0009102373996179303,-0.017511497700339072,,,,,467
surprise,attention,5,0.7,0.09585160300845191,0.06709612210591634,-1.675437323350212,-1.6787643282010163,-0.0033270048508042827,-0.049585650353270075,,,,,467
surprise,attention,6,0.7,0.10027883166358584,0.07019518216451008,-1.675437323350212,-1.6723866931120894,0.003050630238122576,0.04345925381279146,,,,,467
surprise,attention,7,0.7,0.12613108044578916,0.08829175631205241,-1.675437323350212,-1.672261038543836,0.0031762848063761062,0.03597487397521078,,,,,467
surprise,attention,8,0.7,0.13033072153727213,0.09123150507609049,-1.675437323350212,-1.6782968583530737,-0.002859535002861735,-0.03134372276854115,,,,,467
surprise,attention,9,0.7,0.13836706252325148,0.09685694376627603,-1.675437323350212,-1.6791270011497514,-0.003689677799539437,-0.038094096882128975,,,,,467
surprise,attention,10,0.7,0.1499653316679455,0.10497573216756186,-1.675437323350212,-1.6738939640736428,0.0015433592765692339,0.014702057748982688,,,,,467
surprise,attention,11,0.7,0.15608846573602586,0.1092619260152181,-1.675437323350212,-1.6733781780241899,0.002059145326022138,0.018845954863868485,,,,,467
surprise,attention,12,0.7,0.1668252490815662,0.11677767435709634,-1.675437323350212,-1.6466152315412905,0.02882209180892148,0.24681166128369658,,,,,467
surprise,attention,13,0.7,0.19299743289039248,0.13509820302327472,-1.675437323350212,-1.587681418121244,0.08775590522896803,0.6495712249692133,,,,,467
surprise,attention,14,0.7,0.21573316483270555,0.15101321538289386,-1.675437323350212,-1.5505886030816165,0.1248487202685955,0.8267403614448027,,,,,467
surprise,attention,15,0.7,0.25008533114478704,0.17505973180135093,-1.675437323350212,-1.4458621580799846,0.22957516527022737,1.3114104706314633,,,,,467
surprise,attention,16,0.7,0.2807611737932478,0.19653282165527344,-1.675437323350212,-1.3788612402608613,0.2965760830893507,1.5090409865969217,,,,,467
surprise,attention,17,0.7,0.29693485441662015,0.20785439809163408,-1.675437323350212,-1.3432652874026105,0.3321720359476015,1.598099626456598,,,,,467
surprise,attention,18,0.7,0.3229855128696987,0.22608985900878906,-1.675437323350212,-1.2707072500881342,0.40473007326207777,1.7901292655781798,,,,,467
surprise,attention,19,0.7,0.3499829428536551,0.24498805999755857,-1.675437323350212,-1.2100064266289583,0.4654308967212537,1.8998105325046941,,,,,467
surprise,attention,20,0.7,0.3824343000139509,0.2677040100097656,-1.675437323350212,-1.1095959366133687,0.5658413867368433,2.1136828944631865,,,,,467
surprise,attention,21,0.7,0.3979862758091518,0.27859039306640626,-1.675437323350212,-1.0603730092084382,0.6150643141417738,2.2077728789275364,,,,,467
surprise,attention,22,0.7,0.44934290931338355,0.31454003651936846,-1.675437323350212,-0.9655111407825216,0.7099261825676904,2.257029631024333,,,,,467
surprise,attention,23,0.7,0.5047627403622582,0.35333391825358074,-1.675437323350212,-0.8886792774629286,0.7867580458872834,2.226670028668583,,,,,467
surprise,attention,24,0.7,0.556824457077753,0.38977711995442704,-1.675437323350212,-0.8451413115929229,0.8302960117572891,2.130181504379651,,,,,467
surprise,attention,25,0.7,0.6123204912458148,0.4286243438720703,-1.675437323350212,-0.8139386009225498,0.8614987224276622,2.009915523334788,,,,,467
surprise,attention,26,0.7,0.7091385977608817,0.4963970184326172,-1.675437323350212,-0.7903190780375192,0.8851182453126928,1.7830853378359728,,,,,467
surprise,attention,27,0.7,0.7923965454101562,0.5546775817871094,-1.675437323350212,-0.7925688925596069,0.8828684307906051,1.591678589111356,,,,,467
surprise,mlp,0,0.7,0.028173367182413738,0.019721357027689616,-1.675437323350212,-1.6744343893367166,0.0010029340134953824,0.050855223202298946,,,,,467
surprise,mlp,1,0.7,0.03440512929643903,0.024083590507507323,-1.675437323350212,-1.675078406706612,0.00035891664359999353,0.014902954087685234,,,,,467
surprise,mlp,2,0.7,0.047152962003435404,0.03300707340240478,-1.675437323350212,-1.6754157849501747,2.15384000372687e-05,0.0006525389202091297,,,,,467
surprise,mlp,3,0.7,0.05883604004269555,0.04118522802988688,-1.675437323350212,-1.675726222021932,-0.00028889867171999484,-0.0070146187247124075,,,,,467
surprise,mlp,4,0.7,0.07728308723086402,0.05409816106160481,-1.675437323350212,-1.674814111032629,0.0006232123175831106,0.011520027767180875,,,,,467
surprise,mlp,5,0.7,0.09360138575236003,0.06552097002665201,-1.675437323350212,-1.678541018059218,-0.0031036947090059552,-0.04736948655893622,,,,,467
surprise,mlp,6,0.7,0.09779841559273857,0.068458890914917,-1.675437323350212,-1.6713305811619095,0.004106742188302537,0.05998844172638633,,,,,467
surprise,mlp,7,0.7,0.11729521978469122,0.08210665384928385,-1.675437323350212,-1.6712336821653093,0.0042036411849026845,0.05119732674307917,,,,,467
surprise,mlp,8,0.7,0.11951537359328497,0.08366076151529947,-1.675437323350212,-1.677002139533102,-0.0015648161828900609,-0.018704302405900226,,,,,467
surprise,mlp,9,0.7,0.1384358179001581,0.09690507253011067,-1.675437323350212,-1.6732104905029437,0.002226832847268323,0.022979528203504455,,,,,467
surprise,mlp,10,0.7,0.14277108510335287,0.099939759572347,-1.675437323350212,-1.6671485907579642,0.008288732592247827,0.08293728769927211,,,,,467
surprise,mlp,11,0.7,0.1538222176688058,0.10767555236816405,-1.675437323350212,-1.6683033825690026,0.007133940781209436,0.06625404397106856,,,,,467
surprise,mlp,12,0.7,0.16940902528308688,0.1185863176981608,-1.675437323350212,-1.6217859753704684,0.05365134797974358,0.45242443665636883,,,,,467
surprise,mlp,13,0.7,0.19886348361060732,0.13920443852742512,-1.675437323350212,-1.578704501308772,0.09673282204144007,0.694897541089413,,,,,467
surprise,mlp,14,0.7,0.2291873296101888,0.16043113072713217,-1.675437323350212,-1.4991414322651428,0.17629589108506916,1.0988882911067954,,,,,467
surprise,mlp,15,0.7,0.2604990913754418,0.18234936396280926,-1.675437323350212,-1.4065268036512542,0.26891051969895785,1.4746995210457823,,,,,467
surprise,mlp,16,0.7,0.29472378322056364,0.20630664825439454,-1.675437323350212,-1.3467910787533386,0.3286462445968734,1.5929988072494068,,,,,467
surprise,mlp,17,0.7,0.3170248667399089,0.2219174067179362,-1.675437323350212,-1.2801364712592622,0.3953008520909498,1.781297185909302,,,,,467
surprise,mlp,18,0.7,0.3383351280575707,0.2368345896402995,-1.675437323350212,-1.2281328185084546,0.44730450484175743,1.8886789531930965,,,,,467
surprise,mlp,19,0.7,0.37498555864606586,0.26248989105224607,-1.675437323350212,-1.1153858923044144,0.5600514310457976,2.1336114270942526,,,,,467
surprise,mlp,20,0.7,0.39758555094401044,0.2783098856608073,-1.675437323350212,-1.0665060145186154,0.6089313088315966,2.1879614782125896,,,,,467
surprise,mlp,21,0.7,0.43079367138090585,0.3015555699666341,-1.675437323350212,-0.9939029221233515,0.6815344012268605,2.260062386850522,,,,,467
surprise,mlp,22,0.7,0.4785931905110677,0.33501523335774736,-1.675437323350212,-0.9220295429102103,0.7534077804400017,2.2488761865806626,,,,,467
surprise,mlp,23,0.7,0.5382461547851562,0.37677230834960934,-1.675437323350212,-0.868199682082558,0.807237641267654,2.142507884413345,,,,,467
surprise,mlp,24,0.7,0.5975563412620908,0.41828943888346354,-1.675437323350212,-0.8326309861922417,0.8428063371579703,2.014887919254347,,,,,467
surprise,mlp,25,0.7,0.6637131827218192,0.4645992279052734,-1.675437323350212,-0.8185119687617464,0.8569253545884656,1.8444399024338953,,,,,467
surprise,mlp,26,0.7,0.7567894345238095,0.5297526041666666,-1.675437323350212,-0.8158118398720499,0.8596254834781621,1.6226923222593796,,,,,467
surprise,mlp,27,0.7,1.6176143827892484,1.1323300679524737,-1.675437323350212,-0.2048262730719446,1.4706110502782674,1.2987476813518584,,,,,467
